episode,return,steps
1,-470.0,200
2,-587.0,200
3,-524.0,200
4,-425.0,200
5,-569.0,200
6,-551.0,200
7,-515.0,200
8,-353.0,200
9,-398.0,200
10,-407.0,200
11,-470.0,200
12,-335.0,200
13,-324.0,183
14,-587.0,200
15,-560.0,200
16,-486.0,192
17,-236.0,200
18,-245.0,200
19,-254.0,200
20,-506.0,200
21,-560.0,200
22,-290.0,200
23,-335.0,200
24,-425.0,200
25,-281.0,200
26,-254.0,200
27,-281.0,200
28,-290.0,200
29,-263.0,200
30,-263.0,200
31,-515.0,200
32,-353.0,200
33,-245.0,200
34,-245.0,200
35,-290.0,200
36,-416.0,200
37,-605.0,200
38,-200.0,122
39,-290.0,200
40,-551.0,200
41,-245.0,200
42,-371.0,200
43,-227.0,200
44,-218.0,200
45,-425.0,200
46,-227.0,200
47,-343.0,184
48,-389.0,200
49,-389.0,200
50,-272.0,200
51,-281.0,200
52,-245.0,200
53,-254.0,200
54,-335.0,200
55,-326.0,200
56,-354.0,195
57,-218.0,200
58,-317.0,200
59,-245.0,200
60,-308.0,200
61,-245.0,200
62,-272.0,200
63,-389.0,200
64,-299.0,200
65,-171.0,120
66,-248.0,170
67,-308.0,200
68,-326.0,200
69,-353.0,200
70,-227.0,200
71,-114.0,63
72,-245.0,200
73,-245.0,200
74,-344.0,200
75,-299.0,200
76,-281.0,200
77,-263.0,200
78,-150.0,108
79,-326.0,200
80,-290.0,200
81,-278.0,182
82,-407.0,200
83,-299.0,200
84,-213.0,180
85,-290.0,200
86,-353.0,200
87,-425.0,200
88,-254.0,200
89,-263.0,200
90,-254.0,200
91,-245.0,200
92,-272.0,200
93,-308.0,200
94,-326.0,200
95,-371.0,200
96,-326.0,200
97,-281.0,200
98,-281.0,200
99,-335.0,200
100,-281.0,200
101,-353.0,200
102,-326.0,200
103,-308.0,200
104,-263.0,200
105,-407.0,200
106,-308.0,200
107,-263.0,200
108,-263.0,200
109,-245.0,200
110,-104.0,71
111,-153.0,120
112,-317.0,200
113,-326.0,200
114,-263.0,200
115,-281.0,200
116,-272.0,194
117,-281.0,200
118,-75.0,78
119,-13.0,34
120,-335.0,200
121,-380.0,200
122,-236.0,200
123,-326.0,200
124,-299.0,200
125,-281.0,200
126,-204.0,153
127,-308.0,200
128,-263.0,200
129,-281.0,200
130,-308.0,200
131,-308.0,200
132,-281.0,200
133,-263.0,200
134,-281.0,200
135,-272.0,200
136,-254.0,200
137,-308.0,200
138,-263.0,200
139,-117.0,93
140,-308.0,200
141,-371.0,200
142,-263.0,200
143,-227.0,200
144,-308.0,200
145,-317.0,200
146,-308.0,200
147,-245.0,200
148,-326.0,200
149,-317.0,185
150,-263.0,200
151,-236.0,200
152,-290.0,200
153,-281.0,200
154,-263.0,200
155,-308.0,200
156,-272.0,200
157,-335.0,200
158,-335.0,200
159,-254.0,200
160,-245.0,200
161,-353.0,200
162,-272.0,200
163,-299.0,200
164,-335.0,200
165,-272.0,200
166,-308.0,200
167,-97.0,91
168,-254.0,200
169,-299.0,200
170,-245.0,200
171,-245.0,200
172,-104.0,98
173,-120.0,78
174,-344.0,200
175,-272.0,200
176,-407.0,200
177,-254.0,200
178,-362.0,200
179,-299.0,200
180,-299.0,200
181,-245.0,200
182,-353.0,200
183,-281.0,200
184,-308.0,200
185,-236.0,200
186,-186.0,144
187,-245.0,200
188,-263.0,200
189,-326.0,200
190,-281.0,200
191,-281.0,200
192,-299.0,200
193,-272.0,200
194,-226.0,184
195,-290.0,200
196,-290.0,200
197,-263.0,200
198,-290.0,200
199,-227.0,200
200,-308.0,200
201,-335.0,200
202,-317.0,200
203,-103.0,97
204,-362.0,200
205,-317.0,200
206,-272.0,200
207,-281.0,200
208,-317.0,200
209,-272.0,200
210,-281.0,200
211,-335.0,200
212,-272.0,200
213,-272.0,200
214,-299.0,200
215,-299.0,200
216,-326.0,200
217,-290.0,200
218,-308.0,200
219,-261.0,183
220,-290.0,200
221,-326.0,200
222,-380.0,200
223,-245.0,200
224,-254.0,200
225,-299.0,200
226,-272.0,200
227,-113.0,80
228,-308.0,200
229,-281.0,200
230,-299.0,200
231,-120.0,87
232,-290.0,200
233,-236.0,200
234,-160.0,91
235,-40.0,43
236,-353.0,200
237,-139.0,97
238,-272.0,200
239,-299.0,200
240,-299.0,200
241,-236.0,200
242,-236.0,200
243,-263.0,200
244,-39.0,51
245,-272.0,200
246,-201.0,141
247,-335.0,200
248,-254.0,200
249,-308.0,200
250,-281.0,200
251,-308.0,200
252,-236.0,200
253,-317.0,200
254,-254.0,200
255,-254.0,200
256,-245.0,200
257,-317.0,200
258,-263.0,200
259,-199.0,130
260,-236.0,200
261,-245.0,200
262,-263.0,200
263,-245.0,200
264,-245.0,200
265,-245.0,200
266,-335.0,200
267,-281.0,200
268,-174.0,141
269,-317.0,200
270,-281.0,200
271,-290.0,200
272,-326.0,200
273,-272.0,200
274,-281.0,200
275,-263.0,200
276,-281.0,200
277,-308.0,200
278,-272.0,200
279,-100.0,103
280,-254.0,200
281,-290.0,200
282,-353.0,200
283,-240.0,171
284,-299.0,200
285,-245.0,200
286,-290.0,200
287,-245.0,200
288,-281.0,200
289,-308.0,200
290,-326.0,200
291,-263.0,200
292,-281.0,200
293,-227.0,200
294,-308.0,200
295,-299.0,200
296,-272.0,200
297,-154.0,130
298,-263.0,200
299,-317.0,200
300,-380.0,200
301,-263.0,200
302,-281.0,200
303,-44.0,38
304,-317.0,200
305,-272.0,200
306,-117.0,84
307,-281.0,200
308,-281.0,200
309,-299.0,200
310,-272.0,200
311,-272.0,200
312,-227.0,200
313,-326.0,200
314,-272.0,200
315,-299.0,200
316,-326.0,200
317,-57.0,60
318,-380.0,200
319,-156.0,114
320,-290.0,200
321,-229.0,178
322,-326.0,200
323,-272.0,200
324,-207.0,165
325,-299.0,200
326,-263.0,200
327,-299.0,200
328,-272.0,200
329,-281.0,200
330,-263.0,200
331,-263.0,200
332,-290.0,200
333,-299.0,200
334,-207.0,183
335,-200.0,104
336,-335.0,200
337,-281.0,200
338,-236.0,200
339,-96.0,90
340,-254.0,200
341,-182.0,158
342,-79.0,55
343,-188.0,119
344,-317.0,200
345,-290.0,200
346,-263.0,200
347,-236.0,200
348,-281.0,200
349,-254.0,200
350,-263.0,200
351,-218.0,200
352,-272.0,200
353,-62.0,56
354,-281.0,200
355,-164.0,131
356,-317.0,200
357,-308.0,200
358,-317.0,200
359,-272.0,200
360,-290.0,200
361,-263.0,200
362,-245.0,200
363,-290.0,200
364,-263.0,200
365,-205.0,172
366,-254.0,200
367,-353.0,200
368,-326.0,200
369,-263.0,200
370,-272.0,200
371,-148.0,133
372,-144.0,111
373,-263.0,200
374,-317.0,200
375,-299.0,200
376,-272.0,200
377,-263.0,200
378,-263.0,200
379,-148.0,133
380,-353.0,200
381,-263.0,200
382,-235.0,166
383,-147.0,141
384,-290.0,200
385,-245.0,200
386,-308.0,200
387,-263.0,200
388,-245.0,200
389,-308.0,200
390,-335.0,200
391,-299.0,200
392,-290.0,200
393,-263.0,200
394,-290.0,200
395,-272.0,200
396,-317.0,200
397,-281.0,200
398,-281.0,200
399,-263.0,200
400,-281.0,200
401,-254.0,200
402,-326.0,200
403,-236.0,200
404,-281.0,200
405,-209.0,200
406,-254.0,200
407,-299.0,200
408,-227.0,200
409,-192.0,150
410,-279.0,174
411,-272.0,200
412,-308.0,200
413,-254.0,200
414,-272.0,200
415,-254.0,200
416,-281.0,200
417,-183.0,141
418,-272.0,200
419,-121.0,88
420,-207.0,156
421,-326.0,200
422,-317.0,200
423,-236.0,200
424,-203.0,152
425,-236.0,200
426,-317.0,200
427,-299.0,200
428,-254.0,200
429,-272.0,200
430,-263.0,200
431,-245.0,200
432,-149.0,125
433,-272.0,200
434,-272.0,200
435,-290.0,200
436,-290.0,200
437,-299.0,200
438,-151.0,118
439,-335.0,200
440,-263.0,200
441,-272.0,200
442,-272.0,200
443,-281.0,200
444,-290.0,200
445,-299.0,200
446,-213.0,180
447,-362.0,200
448,-308.0,200
449,-245.0,200
450,-263.0,200
451,-236.0,200
452,-317.0,200
453,-317.0,200
454,-162.0,138
455,-308.0,200
456,-263.0,200
457,-262.0,184
458,-299.0,200
459,-290.0,200
460,-82.0,76
461,-254.0,200
462,-140.0,125
463,-272.0,200
464,-290.0,200
465,-94.0,79
466,-272.0,200
467,-254.0,200
468,-245.0,149
469,-317.0,200
470,-254.0,194
471,-263.0,200
472,-272.0,200
473,-308.0,200
474,-245.0,200
475,-299.0,200
476,-248.0,188
477,-272.0,200
478,-299.0,200
479,-353.0,200
480,-290.0,200
481,-281.0,200
482,-263.0,200
483,-263.0,200
484,-245.0,200
485,-131.0,107
486,-308.0,200
487,-317.0,200
488,-299.0,200
489,-263.0,200
490,-263.0,200
491,-290.0,200
492,-281.0,200
493,-22.0,25
494,-162.0,138
495,-254.0,200
496,-272.0,200
497,-335.0,200
498,-153.0,120
499,-317.0,200
500,-252.0,192
501,-254.0,200
502,-299.0,200
503,-99.0,102
504,-272.0,200
505,-281.0,200
506,-168.0,144
507,-220.0,178
508,-281.0,200
509,-299.0,200
510,-254.0,200
511,-281.0,200
512,-326.0,200
513,-38.0,59
514,-290.0,200
515,-272.0,200
516,-270.0,183
517,-254.0,200
518,-263.0,200
519,-290.0,200
520,-308.0,200
521,-263.0,200
522,-281.0,200
523,-174.0,132
524,-281.0,200
525,-281.0,200
526,-303.0,198
527,-125.0,119
528,-234.0,165
529,-236.0,200
530,-281.0,200
531,-86.0,89
532,-272.0,200
533,-299.0,200
534,-344.0,200
535,-308.0,200
536,-290.0,200
537,-308.0,200
538,-245.0,200
539,-290.0,200
540,-371.0,200
541,-263.0,200
542,-245.0,200
543,-281.0,200
544,-281.0,200
545,-326.0,200
546,-245.0,200
547,-281.0,200
548,-344.0,200
549,-184.0,151
550,-308.0,200
551,-295.0,190
552,-275.0,188
553,-281.0,200
554,-272.0,200
555,-216.0,156
556,-160.0,136
557,-254.0,200
558,-308.0,200
559,-290.0,200
560,-231.0,153
561,-308.0,200
562,-263.0,200
563,-254.0,200
564,-281.0,200
565,-281.0,200
566,-299.0,200
567,-189.0,147
568,-299.0,200
569,-66.0,78
570,-281.0,200
571,-143.0,119
572,-299.0,200
573,-272.0,200
574,-69.0,72
575,-335.0,200
576,-263.0,200
577,-200.0,167
578,-206.0,155
579,-308.0,200
580,-290.0,200
581,-299.0,200
582,-113.0,116
583,-290.0,200
584,-281.0,200
585,-299.0,200
586,-139.0,106
587,-272.0,200
588,-281.0,200
589,-272.0,200
590,-245.0,200
591,-290.0,200
592,-272.0,200
593,-290.0,200
594,-272.0,200
595,-85.0,88
596,-245.0,200
597,-299.0,200
598,-299.0,200
599,-308.0,200
600,-326.0,200
601,-287.0,182
602,-272.0,200
603,-308.0,200
604,-245.0,200
605,-263.0,200
606,-263.0,200
607,-67.0,52
608,-224.0,200
609,-308.0,200
610,-281.0,200
611,-129.0,96
612,-263.0,200
613,-263.0,200
614,-198.0,156
615,-290.0,200
616,-263.0,200
617,-200.0,149
618,-263.0,200
619,-299.0,200
620,-254.0,200
621,-254.0,200
622,-279.0,192
623,-326.0,200
624,-290.0,200
625,-281.0,200
626,-317.0,200
627,-272.0,200
628,-308.0,200
629,-121.0,133
630,-335.0,200
631,-263.0,200
632,-5.0,17
633,-299.0,200
634,-272.0,200
635,-299.0,200
636,-344.0,200
637,-308.0,200
638,-290.0,200
639,-299.0,200
640,-308.0,200
641,-111.0,105
642,-169.0,154
643,-290.0,200
644,-254.0,200
645,-245.0,200
646,-272.0,200
647,-254.0,200
648,-290.0,200
649,-281.0,200
650,-290.0,200
651,-317.0,200
652,-281.0,200
653,-229.0,196
654,-254.0,200
655,-308.0,200
656,-134.0,110
657,-272.0,200
658,-263.0,200
659,-177.0,126
660,-272.0,200
661,-281.0,200
662,-62.0,47
663,-281.0,200
664,-308.0,200
665,-299.0,200
666,-281.0,200
667,-263.0,200
668,-186.0,108
669,-299.0,200
670,-290.0,200
671,-272.0,200
672,-308.0,200
673,-281.0,200
674,-245.0,200
675,-290.0,200
676,-281.0,200
677,-254.0,200
678,-263.0,200
679,-272.0,200
680,-281.0,200
681,-220.0,160
682,-245.0,200
683,-236.0,200
684,-227.0,200
685,-272.0,200
686,-213.0,135
687,-290.0,200
688,-106.0,82
689,-235.0,184
690,-254.0,200
691,-299.0,200
692,-299.0,200
693,-236.0,200
694,-236.0,167
695,-254.0,200
696,-254.0,200
697,-263.0,200
698,-344.0,200
699,-299.0,200
700,-108.0,84
701,-290.0,200
702,-189.0,156
703,-196.0,172
704,-272.0,200
705,-308.0,200
706,-115.0,100
707,-105.0,117
708,-272.0,200
709,-335.0,200
710,-304.0,190
711,-245.0,200
712,-281.0,200
713,-245.0,200
714,-299.0,200
715,-263.0,200
716,-227.0,200
717,-173.0,113
718,-71.0,83
719,-245.0,200
720,-142.0,118
721,-308.0,200
722,-299.0,200
723,-326.0,200
724,-245.0,200
725,-281.0,200
726,-272.0,200
727,-254.0,200
728,-281.0,200
729,-326.0,200
730,-50.0,44
731,-344.0,200
732,-326.0,200
733,-83.0,77
734,-145.0,130
735,-254.0,200
736,-299.0,200
737,-175.0,133
738,-281.0,200
739,-290.0,200
740,-98.0,83
741,-281.0,200
742,-281.0,200
743,-233.0,164
744,-170.0,146
745,-290.0,200
746,-236.0,200
747,-245.0,200
748,-281.0,200
749,-299.0,200
750,-299.0,200
751,-308.0,200
752,-281.0,200
753,-218.0,200
754,-281.0,200
755,-4.0,25
756,-299.0,200
757,-36.0,48
758,-281.0,200
759,-272.0,200
760,-213.0,198
761,-53.0,56
762,-272.0,200
763,-129.0,105
764,-299.0,200
765,-205.0,172
766,-317.0,200
767,-299.0,200
768,-199.0,175
769,-335.0,200
770,-211.0,151
771,-254.0,200
772,-299.0,200
773,-42.0,54
774,-245.0,200
775,-290.0,200
776,-308.0,200
777,-308.0,200
778,-263.0,200
779,-245.0,200
780,-129.0,105
781,-258.0,198
782,-281.0,200
783,-106.0,109
784,-128.0,95
785,-308.0,200
786,-220.0,178
787,-317.0,200
788,-299.0,200
789,-245.0,200
790,-245.0,200
791,-34.0,37
792,-308.0,200
793,-236.0,200
794,-272.0,200
795,-317.0,200
796,-281.0,200
797,-181.0,130
798,-263.0,200
799,-272.0,200
800,-326.0,200
801,-124.0,109
802,-281.0,200
803,-236.0,200
804,-56.0,41
805,-254.0,200
806,-317.0,200
807,-272.0,200
808,-167.0,125
809,-272.0,200
810,-254.0,200
811,-299.0,200
812,-136.0,121
813,-263.0,200
814,-227.0,200
815,-99.0,102
816,-52.0,64
817,-335.0,200
818,-272.0,200
819,-241.0,199
820,-299.0,200
821,-281.0,200
822,-290.0,200
823,-317.0,200
824,-82.0,76
825,-190.0,166
826,-236.0,200
827,-299.0,200
828,-281.0,200
829,-67.0,61
830,-272.0,200
831,-245.0,200
832,-281.0,200
833,-308.0,200
834,-85.0,88
835,-106.0,82
836,-281.0,200
837,-308.0,200
838,-272.0,200
839,-43.0,46
840,-299.0,200
841,-281.0,200
842,-290.0,200
843,-290.0,200
844,-272.0,200
845,-308.0,200
846,-290.0,200
847,-272.0,200
848,-8.0,29
849,-245.0,200
850,-77.0,62
851,-290.0,200
852,-281.0,200
853,-111.0,96
854,-64.0,58
855,-299.0,200
856,-326.0,200
857,-290.0,200
858,-299.0,200
859,-36.0,39
860,-254.0,200
861,-229.0,187
862,-254.0,200
863,-272.0,200
864,-53.0,47
865,-254.0,200
866,-290.0,200
867,-272.0,200
868,-245.0,200
869,-271.0,193
870,-245.0,200
871,-151.0,118
872,-150.0,126
873,-178.0,136
874,-102.0,87
875,-326.0,200
876,-81.0,93
877,-187.0,154
878,-272.0,200
879,-281.0,200
880,-299.0,200
881,-281.0,200
882,-272.0,200
883,-263.0,200
884,-254.0,200
885,-299.0,200
886,-203.0,143
887,-290.0,200
888,-263.0,200
889,-236.0,200
890,-254.0,200
891,-236.0,185
892,-245.0,200
893,-245.0,200
894,-281.0,200
895,-254.0,200
896,-344.0,200
897,-236.0,200
898,-232.0,181
899,-211.0,187
900,-44.0,47
901,-317.0,200
902,-245.0,200
903,-290.0,200
904,-281.0,200
905,-204.0,162
906,-190.0,157
907,-68.0,71
908,-326.0,200
909,-308.0,200
910,-76.0,61
911,-263.0,200
912,-71.0,47
913,-326.0,200
914,-326.0,200
915,-236.0,200
916,-272.0,200
917,-227.0,200
918,-344.0,200
919,-252.0,192
920,-317.0,200
921,-254.0,200
922,-245.0,200
923,-281.0,200
924,-272.0,200
925,-245.0,200
926,-281.0,200
927,-209.0,149
928,-27.0,48
929,-281.0,200
930,-56.0,50
931,-272.0,200
932,-96.0,63
933,-308.0,200
934,-276.0,189
935,-326.0,200
936,-308.0,200
937,-160.0,127
938,-263.0,200
939,-272.0,200
940,-207.0,165
941,-263.0,200
942,-335.0,200
943,-272.0,200
944,-71.0,56
945,-245.0,200
946,-299.0,200
947,-64.0,67
948,-203.0,170
949,-281.0,200
950,-335.0,200
951,-263.0,200
952,-123.0,90
953,-281.0,200
954,-236.0,200
955,-254.0,200
956,-73.0,76
957,-254.0,200
958,-70.0,64
959,-47.0,59
960,-254.0,200
961,-281.0,200
962,-254.0,200
963,-254.0,200
964,-299.0,200
965,-93.0,78
966,-227.0,200
967,-263.0,200
968,-178.0,127
969,-272.0,200
970,-104.0,89
971,-299.0,200
972,-314.0,200
973,-240.0,198
974,-308.0,200
975,-112.0,106
976,-290.0,200
977,-168.0,153
978,-139.0,124
979,-299.0,200
980,-263.0,200
981,-290.0,200
982,-228.0,186
983,-254.0,200
984,-49.0,52
985,-44.0,38
986,-281.0,200
987,-299.0,200
988,-245.0,200
989,-172.0,157
990,-245.0,200
991,-299.0,200
992,-34.0,46
993,-245.0,200
994,-245.0,200
995,-72.0,75
996,-55.0,67
997,-245.0,200
998,-218.0,200
999,-128.0,131
1000,-254.0,200
1001,-236.0,200
1002,-290.0,200
1003,-254.0,200
1004,-192.0,114
1005,-245.0,200
1006,-281.0,200
1007,-272.0,200
1008,-195.0,171
1009,-308.0,200
1010,-281.0,200
1011,-281.0,200
1012,-123.0,126
1013,-96.0,99
1014,-299.0,200
1015,-231.0,198
1016,-212.0,188
1017,-245.0,200
1018,-317.0,200
1019,-236.0,200
1020,-326.0,200
1021,-254.0,200
1022,-299.0,200
1023,-208.0,184
1024,-317.0,200
1025,-281.0,200
1026,-254.0,200
1027,-290.0,200
1028,-10.0,22
1029,-263.0,200
1030,-80.0,83
1031,-111.0,114
1032,-46.0,58
1033,-245.0,200
1034,-281.0,200
1035,-236.0,200
1036,-263.0,200
1037,-281.0,200
1038,-222.0,180
1039,-254.0,200
1040,-102.0,105
1041,-87.0,81
1042,-239.0,188
1043,-236.0,200
1044,-134.0,119
1045,-138.0,132
1046,-245.0,200
1047,-160.0,145
1048,-60.0,63
1049,-245.0,200
1050,-308.0,200
1051,-165.0,132
1052,-272.0,200
1053,-263.0,200
1054,-326.0,200
1055,-113.0,116
1056,-119.0,95
1057,-227.0,200
1058,-206.0,173
1059,-272.0,200
1060,-299.0,200
1061,-194.0,161
1062,-263.0,200
1063,-113.0,89
1064,-118.0,103
1065,-290.0,200
1066,-263.0,200
1067,-326.0,200
1068,-130.0,124
1069,-272.0,200
1070,-184.0,160
1071,-245.0,200
1072,-254.0,200
1073,-299.0,200
1074,-308.0,200
1075,-205.0,172
1076,-226.0,184
1077,-213.0,153
1078,-326.0,200
1079,-281.0,200
1080,-176.0,134
1081,-290.0,200
1082,-254.0,200
1083,-80.0,74
1084,-263.0,200
1085,-263.0,200
1086,-144.0,138
1087,-290.0,200
1088,-299.0,200
1089,-263.0,200
1090,-299.0,200
1091,-290.0,200
1092,-48.0,60
1093,-220.0,178
1094,-299.0,200
1095,-54.0,57
1096,-254.0,200
1097,-254.0,200
1098,-326.0,200
1099,-143.0,101
1100,-155.0,131
1101,-200.0,140
1102,-223.0,172
1103,-275.0,197
1104,-299.0,200
1105,-254.0,200
1106,-92.0,77
1107,-222.0,162
1108,-317.0,200
1109,-263.0,200
1110,-308.0,200
1111,-281.0,200
1112,-317.0,200
1113,-263.0,200
1114,3.0,18
1115,-281.0,200
1116,-245.0,200
1117,-209.0,167
1118,-308.0,200
1119,-254.0,200
1120,-254.0,200
1121,-203.0,152
1122,-101.0,68
1123,-281.0,200
1124,-299.0,200
1125,-272.0,200
1126,-317.0,200
1127,-281.0,200
1128,-114.0,90
1129,-218.0,176
1130,-211.0,160
1131,-299.0,200
1132,7.0,14
1133,-272.0,200
1134,-82.0,76
1135,-70.0,64
1136,-263.0,200
1137,-290.0,200
1138,-90.0,102
1139,-97.0,73
1140,-272.0,200
1141,-245.0,200
1142,-179.0,164
1143,-299.0,200
1144,-272.0,200
1145,-210.0,132
1146,-147.0,123
1147,-10.0,31
1148,-137.0,104
1149,-290.0,200
1150,-272.0,200
1151,-231.0,198
1152,-272.0,200
1153,-119.0,131
1154,-245.0,200
1155,-290.0,200
1156,-299.0,200
1157,-34.0,46
1158,-263.0,200
1159,-281.0,200
1160,-254.0,200
1161,-86.0,80
1162,-211.0,169
1163,-281.0,200
1164,-107.0,92
1165,-308.0,200
1166,-7.0,19
1167,-290.0,200
1168,-245.0,200
1169,-33.0,36
1170,-236.0,200
1171,-179.0,155
1172,-254.0,200
1173,-195.0,153
1174,-308.0,200
1175,-272.0,200
1176,-272.0,200
1177,-263.0,200
1178,-132.0,90
1179,-241.0,190
1180,-335.0,200
1181,-147.0,114
1182,-82.0,76
1183,-272.0,200
1184,-158.0,143
1185,-254.0,200
1186,-162.0,138
1187,-272.0,200
1188,-308.0,200
1189,-96.0,72
1190,-52.0,55
1191,-252.0,183
1192,-145.0,139
1193,-193.0,142
1194,-88.0,73
1195,10.0,11
1196,-114.0,126
1197,-308.0,200
1198,-281.0,200
1199,-290.0,200
1200,-142.0,118
1201,-142.0,118
1202,-281.0,200
1203,-267.0,180
1204,-308.0,200
1205,-196.0,199
1206,-54.0,75
1207,-335.0,200
1208,-231.0,162
1209,-254.0,200
1210,-263.0,200
1211,-245.0,200
1212,-263.0,200
1213,-198.0,183
1214,10.0,11
1215,-231.0,180
1216,-245.0,200
1217,-263.0,200
1218,-4.0,25
1219,-263.0,200
1220,-105.0,99
1221,-125.0,101
1222,-254.0,200
1223,-125.0,119
1224,-263.0,200
1225,-317.0,200
1226,-126.0,120
1227,-247.0,187
1228,-272.0,200
1229,-31.0,34
1230,-344.0,200
1231,-189.0,156
1232,-272.0,200
1233,-281.0,200
1234,-171.0,147
1235,-146.0,131
1236,-220.0,178
1237,-236.0,200
1238,-135.0,147
1239,-40.0,52
1240,-290.0,200
1241,-219.0,177
1242,-299.0,200
1243,-263.0,200
1244,-124.0,109
1245,-48.0,60
1246,-281.0,200
1247,-64.0,58
1248,-120.0,87
1249,-299.0,200
1250,-299.0,200
1251,-228.0,195
1252,-224.0,173
1253,-140.0,98
1254,-254.0,194
1255,-245.0,200
1256,-278.0,191
1257,-272.0,200
1258,-225.0,174
1259,-263.0,200
1260,-272.0,200
1261,-290.0,200
1262,-308.0,200
1263,-344.0,200
1264,-24.0,36
1265,-326.0,200
1266,-299.0,200
1267,-150.0,144
1268,-142.0,127
1269,-236.0,200
1270,-296.0,182
1271,-290.0,200
1272,-153.0,120
1273,-78.0,72
1274,-201.0,141
1275,-290.0,200
1276,-236.0,200
1277,-227.0,200
1278,-189.0,147
1279,-245.0,200
1280,-308.0,200
1281,-74.0,68
1282,-290.0,200
1283,-277.0,190
1284,-121.0,106
1285,-290.0,200
1286,-245.0,200
1287,-95.0,89
1288,-161.0,128
1289,-114.0,117
1290,-159.0,126
1291,-245.0,200
1292,-50.0,44
1293,-290.0,200
1294,-272.0,200
1295,-236.0,200
1296,-290.0,200
1297,-207.0,147
1298,-254.0,200
1299,-212.0,188
1300,-125.0,110
1301,-36.0,48
1302,-263.0,200
1303,-68.0,80
1304,-281.0,200
1305,-272.0,200
1306,-102.0,87
1307,-308.0,200
1308,-245.0,200
1309,-290.0,200
1310,-308.0,200
1311,-290.0,185
1312,-274.0,196
1313,-281.0,200
1314,-263.0,200
1315,-89.0,83
1316,-317.0,200
1317,-239.0,197
1318,-89.0,92
1319,-245.0,200
1320,-317.0,200
1321,-326.0,200
1322,-118.0,103
1323,-180.0,138
1324,11.0,10
1325,-317.0,200
1326,-146.0,122
1327,-281.0,200
1328,-92.0,77
1329,-204.0,171
1330,-236.0,200
1331,-290.0,200
1332,-57.0,60
1333,-353.0,200
1334,-97.0,73
1335,-111.0,114
1336,-212.0,152
1337,-290.0,200
1338,-263.0,200
1339,-326.0,200
1340,-263.0,200
1341,-91.0,94
1342,-299.0,200
1343,-40.0,43
1344,-238.0,187
1345,-152.0,110
1346,-281.0,200
1347,-299.0,200
1348,-171.0,138
1349,-174.0,141
1350,-290.0,200
1351,-236.0,200
1352,-203.0,161
1353,-40.0,52
1354,-196.0,172
1355,-344.0,200
1356,-254.0,200
1357,-197.0,182
1358,-308.0,200
1359,-236.0,200
1360,-263.0,200
1361,-80.0,74
1362,-308.0,200
1363,-254.0,200
1364,-45.0,48
1365,-245.0,200
1366,-218.0,167
1367,-245.0,200
1368,-299.0,200
1369,-254.0,200
1370,-151.0,109
1371,-168.0,144
1372,-263.0,200
1373,-205.0,190
1374,-317.0,200
1375,-154.0,139
1376,-263.0,200
1377,-140.0,107
1378,-200.0,167
1379,-73.0,67
1380,-205.0,181
1381,-75.0,60
1382,-170.0,128
1383,-245.0,200
1384,-272.0,200
1385,-344.0,200
1386,-100.0,112
1387,-192.0,159
1388,-174.0,141
1389,-299.0,200
1390,-90.0,66
1391,-245.0,200
1392,-272.0,200
1393,-80.0,83
1394,-308.0,200
1395,-86.0,62
1396,-87.0,99
1397,-59.0,80
1398,-41.0,44
1399,-236.0,200
1400,-272.0,200
1401,-18.0,30
1402,-179.0,173
1403,-299.0,200
1404,-9.0,21
1405,-95.0,80
1406,-290.0,200
1407,-210.0,177
1408,-195.0,153
1409,-272.0,200
1410,-179.0,137
1411,-317.0,200
1412,-254.0,200
1413,-261.0,183
1414,-138.0,123
1415,-131.0,116
1416,-78.0,63
1417,-245.0,200
1418,-169.0,163
1419,-263.0,200
1420,-245.0,200
1421,-308.0,200
1422,-59.0,71
1423,-236.0,194
1424,-299.0,200
1425,-213.0,180
1426,-281.0,200
1427,-226.0,166
1428,-89.0,92
1429,-125.0,110
1430,-317.0,200
1431,-263.0,200
1432,-272.0,200
1433,-47.0,41
1434,-254.0,200
1435,-263.0,200
1436,-299.0,200
1437,-233.0,200
1438,-75.0,78
1439,-281.0,200
1440,-32.0,35
1441,-254.0,200
1442,-290.0,200
1443,-245.0,200
1444,-281.0,200
1445,-263.0,200
1446,-6.0,18
1447,-59.0,71
1448,-205.0,172
1449,-166.0,133
1450,-205.0,199
1451,-78.0,81
1452,-219.0,177
1453,-188.0,137
1454,-216.0,174
1455,-227.0,200
1456,-317.0,200
1457,-290.0,200
1458,-30.0,33
1459,-218.0,194
1460,-263.0,200
1461,-63.0,48
1462,-272.0,200
1463,-308.0,200
1464,-290.0,200
1465,-272.0,200
1466,-281.0,200
1467,-27.0,39
1468,-57.0,69
1469,-110.0,104
1470,-263.0,200
1471,-245.0,200
1472,-281.0,200
1473,-281.0,200
1474,-221.0,170
1475,-38.0,41
1476,-272.0,200
1477,-102.0,69
1478,-107.0,101
1479,-299.0,200
1480,-281.0,200
1481,-245.0,200
1482,-272.0,200
1483,-236.0,200
1484,-120.0,87
1485,-98.0,92
1486,-35.0,47
1487,-254.0,194
1488,-64.0,67
1489,-145.0,130
1490,-246.0,186
1491,-98.0,119
1492,-308.0,200
1493,-308.0,200
1494,-299.0,200
1495,-254.0,200
1496,-3.0,24
1497,-272.0,200
1498,-151.0,127
1499,-182.0,149
1500,-236.0,200
1501,-281.0,200
1502,-82.0,76
1503,-290.0,200
1504,-208.0,175
1505,-197.0,182
1506,-290.0,200
1507,-93.0,105
1508,-236.0,194
1509,-263.0,200
1510,-272.0,200
1511,11.0,10
1512,-42.0,36
1513,-272.0,200
1514,-272.0,200
1515,-163.0,139
1516,-140.0,134
1517,-97.0,82
1518,-177.0,144
1519,-263.0,200
1520,-263.0,200
1521,-75.0,78
1522,-290.0,200
1523,-116.0,101
1524,-335.0,200
1525,-263.0,200
1526,-272.0,200
1527,-263.0,200
1528,-236.0,176
1529,-168.0,135
1530,-105.0,90
1531,-231.0,189
1532,-308.0,200
1533,1.0,11
1534,6.0,15
1535,-156.0,132
1536,-254.0,200
1537,-308.0,200
1538,-173.0,131
1539,-317.0,200
1540,-308.0,200
1541,-25.0,37
1542,-88.0,64
1543,-136.0,103
1544,-290.0,200
1545,-263.0,200
1546,-191.0,176
1547,-290.0,200
1548,-7.0,28
1549,-245.0,200
1550,-281.0,200
1551,-128.0,122
1552,-152.0,128
1553,-85.0,79
1554,-149.0,125
1555,-145.0,130
1556,-281.0,200
1557,-227.0,200
1558,-236.0,200
1559,-150.0,135
1560,-263.0,200
1561,-226.0,175
1562,-281.0,200
1563,-299.0,200
1564,-279.0,192
1565,-26.0,29
1566,-187.0,172
1567,-136.0,112
1568,-263.0,200
1569,-35.0,47
1570,-107.0,92
1571,10.0,11
1572,-70.0,73
1573,-172.0,139
1574,-290.0,200
1575,-290.0,200
1576,-254.0,200
1577,-90.0,102
1578,-242.0,191
1579,-290.0,200
1580,-254.0,200
1581,-219.0,141
1582,-299.0,200
1583,-124.0,136
1584,-281.0,200
1585,-281.0,200
1586,-242.0,200
1587,-47.0,59
1588,-66.0,60
1589,-108.0,84
1590,-196.0,145
1591,-290.0,200
1592,-158.0,143
1593,-326.0,200
1594,-199.0,166
1595,-254.0,200
1596,10.0,11
1597,-61.0,73
1598,-326.0,200
1599,-134.0,137
1600,-146.0,131
1601,-236.0,200
1602,-169.0,136
1603,-82.0,85
1604,-21.0,24
1605,-202.0,151
1606,-317.0,200
1607,-272.0,200
1608,-266.0,197
1609,-272.0,200
1610,-11.0,23
1611,-317.0,200
1612,-76.0,70
1613,-290.0,200
1614,-32.0,35
1615,-236.0,200
1616,-122.0,89
1617,-152.0,146
1618,-263.0,200
1619,-281.0,200
1620,-99.0,84
1621,-263.0,200
1622,-132.0,90
1623,-209.0,158
1624,-150.0,135
1625,-254.0,200
1626,-228.0,168
1627,-254.0,200
1628,-140.0,134
1629,-263.0,200
1630,-245.0,200
1631,-290.0,200
1632,-152.0,146
1633,-299.0,200
1634,-263.0,200
1635,-290.0,200
1636,-299.0,200
1637,-84.0,69
1638,-290.0,200
1639,11.0,10
1640,-102.0,96
1641,-145.0,130
1642,-49.0,43
1643,-222.0,162
1644,-31.0,34
1645,-40.0,52
1646,-281.0,200
1647,-83.0,86
1648,-64.0,58
1649,-263.0,200
1650,-103.0,97
1651,-281.0,200
1652,-86.0,71
1653,-272.0,200
1654,-100.0,94
1655,-263.0,200
1656,-272.0,200
1657,-23.0,35
1658,-51.0,63
1659,-263.0,200
1660,-254.0,200
1661,-74.0,68
1662,-243.0,174
1663,-281.0,200
1664,-56.0,59
1665,-104.0,80
1666,-160.0,109
1667,-276.0,198
1668,-123.0,99
1669,-263.0,200
1670,-263.0,200
1671,-138.0,114
1672,-263.0,200
1673,-272.0,200
1674,-263.0,200
1675,-254.0,200
1676,-220.0,169
1677,-85.0,79
1678,-182.0,167
1679,-317.0,200
1680,-52.0,55
1681,-164.0,131
1682,-203.0,161
1683,-245.0,200
1684,-147.0,105
1685,-122.0,98
1686,-252.0,192
1687,-191.0,158
1688,-353.0,200
1689,-135.0,138
1690,-281.0,200
1691,-317.0,200
1692,-73.0,67
1693,-281.0,200
1694,-25.0,28
1695,-263.0,200
1696,-218.0,200
1697,-173.0,140
1698,-199.0,148
1699,-101.0,68
1700,-179.0,164
1701,-263.0,200
1702,-234.0,192
1703,-263.0,200
1704,-254.0,200
1705,-155.0,113
1706,-281.0,200
1707,-263.0,200
1708,-84.0,96
1709,-317.0,200
1710,-163.0,148
1711,-126.0,102
1712,-254.0,200
1713,-254.0,200
1714,-205.0,154
1715,-183.0,141
1716,-281.0,200
1717,9.0,12
1718,-254.0,200
1719,-109.0,94
1720,-290.0,200
1721,-166.0,97
1722,-299.0,200
1723,-263.0,200
1724,-43.0,55
1725,-115.0,109
1726,-184.0,151
1727,-160.0,136
1728,-263.0,200
1729,-183.0,168
1730,-308.0,200
1731,-254.0,200
1732,-97.0,82
1733,-207.0,138
1734,-281.0,200
1735,-19.0,40
1736,-263.0,200
1737,-290.0,200
1738,-272.0,167
1739,-98.0,83
1740,-241.0,190
1741,-168.0,153
1742,-39.0,33
1743,-24.0,45
1744,-134.0,119
1745,-148.0,133
1746,-272.0,200
1747,-290.0,200
1748,-234.0,174
1749,-223.0,199
1750,-290.0,200
1751,-245.0,200
1752,-68.0,62
1753,-185.0,170
1754,-34.0,55
1755,-140.0,107
1756,-353.0,200
1757,-254.0,200
1758,-254.0,200
1759,-245.0,200
1760,-49.0,61
1761,-50.0,62
1762,-263.0,200
1763,-281.0,200
1764,-220.0,178
1765,-184.0,142
1766,-65.0,59
1767,-45.0,66
1768,-244.0,175
1769,-317.0,200
1770,-191.0,158
1771,-272.0,200
1772,-182.0,158
1773,-272.0,200
1774,-210.0,168
1775,-245.0,200
1776,-69.0,63
1777,-39.0,60
1778,-353.0,200
1779,-85.0,88
1780,-254.0,200
1781,-226.0,184
1782,-4.0,16
1783,-94.0,106
1784,-290.0,200
1785,-299.0,200
1786,-73.0,67
1787,-254.0,200
1788,-281.0,200
1789,-270.0,174
1790,-242.0,191
1791,-87.0,72
1792,-308.0,200
1793,-81.0,84
1794,-125.0,101
1795,-308.0,200
1796,-20.0,32
1797,-20.0,32
1798,-281.0,200
1799,-151.0,109
1800,-49.0,61
1801,-76.0,79
1802,-281.0,200
1803,-172.0,121
1804,-244.0,166
1805,-317.0,200
1806,-87.0,90
1807,-190.0,139
1808,-299.0,200
1809,-208.0,157
1810,-206.0,182
1811,-129.0,123
1812,-290.0,200
1813,-84.0,96
1814,-158.0,134
1815,-254.0,200
1816,-142.0,109
1817,-116.0,101
1818,-353.0,200
1819,-205.0,154
1820,-2.0,14
1821,-169.0,145
1822,-236.0,200
1823,-308.0,200
1824,-290.0,200
1825,-133.0,109
1826,-281.0,200
1827,-85.0,97
1828,-254.0,200
1829,-263.0,200
1830,-299.0,200
1831,-46.0,58
1832,-290.0,200
1833,-263.0,200
1834,-123.0,108
1835,-32.0,35
1836,-290.0,200
1837,-231.0,162
1838,-47.0,59
1839,-245.0,200
1840,-263.0,200
1841,-89.0,74
1842,-299.0,200
1843,-61.0,64
1844,-65.0,68
1845,-194.0,152
1846,-263.0,200
1847,-245.0,200
1848,-226.0,184
1849,-308.0,200
1850,-86.0,62
1851,-86.0,71
1852,-105.0,81
1853,-218.0,200
1854,-165.0,132
1855,-162.0,147
1856,-164.0,113
1857,-58.0,61
1858,-272.0,200
1859,-263.0,200
1860,-140.0,143
1861,-27.0,39
1862,-290.0,200
1863,-281.0,200
1864,-53.0,56
1865,-254.0,200
1866,-274.0,196
1867,-61.0,64
1868,-245.0,200
1869,-155.0,158
1870,-236.0,200
1871,-235.0,184
1872,-272.0,200
1873,-69.0,72
1874,-219.0,186
1875,-30.0,51
1876,-80.0,92
1877,-272.0,200
1878,-281.0,200
1879,-33.0,45
1880,-263.0,200
1881,-236.0,185
1882,-263.0,200
1883,-245.0,200
1884,-299.0,200
1885,-96.0,90
1886,-236.0,200
1887,-236.0,200
1888,-245.0,200
1889,-172.0,139
1890,-125.0,110
1891,-17.0,29
1892,-142.0,145
1893,-245.0,200
1894,-211.0,169
1895,-170.0,146
1896,-175.0,142
1897,-17.0,29
1898,-154.0,139
1899,-245.0,200
1900,-205.0,172
1901,-69.0,72
1902,-236.0,200
1903,-214.0,163
1904,-267.0,198
1905,-208.0,139
1906,-211.0,142
1907,-198.0,147
1908,-263.0,200
1909,-290.0,200
1910,-90.0,93
1911,-281.0,200
1912,-254.0,200
1913,-133.0,100
1914,-133.0,118
1915,-186.0,162
1916,-172.0,121
1917,-272.0,200
1918,-189.0,156
1919,-272.0,200
1920,8.0,13
1921,-260.0,191
1922,-272.0,200
1923,-143.0,128
1924,-51.0,72
1925,-112.0,115
1926,-308.0,200
1927,-126.0,111
1928,-235.0,193
1929,-203.0,161
1930,-290.0,200
1931,-10.0,31
1932,-272.0,200
1933,-119.0,95
1934,-281.0,200
1935,-100.0,85
1936,-272.0,200
1937,-308.0,200
1938,-139.0,115
1939,-167.0,107
1940,-281.0,200
1941,-245.0,200
1942,-167.0,116
1943,-353.0,200
1944,-317.0,200
1945,-93.0,87
1946,-281.0,200
1947,-106.0,91
1948,-227.0,200
1949,-87.0,72
1950,-105.0,99
1951,-197.0,164
1952,-8.0,29
1953,-26.0,38
1954,-281.0,200
1955,-71.0,56
1956,-129.0,123
1957,-245.0,176
1958,-317.0,200
1959,-70.0,73
1960,-94.0,88
1961,-81.0,75
1962,-42.0,54
1963,-245.0,200
1964,-245.0,200
1965,-236.0,200
1966,-281.0,200
1967,-119.0,95
1968,-263.0,200
1969,-184.0,133
1970,-263.0,200
1971,-263.0,200
1972,-299.0,200
1973,-125.0,83
1974,-272.0,200
1975,-272.0,200
1976,-41.0,53
1977,-272.0,200
1978,-254.0,200
1979,-290.0,200
1980,-4.0,25
1981,-50.0,62
1982,-156.0,150
1983,-53.0,47
1984,-191.0,158
1985,5.0,16
1986,-52.0,55
1987,-164.0,140
1988,-281.0,200
1989,-35.0,29
1990,-290.0,200
1991,-299.0,200
1992,-242.0,191
1993,-245.0,200
1994,-3.0,24
1995,-254.0,200
1996,-140.0,116
1997,-53.0,47
1998,-281.0,200
1999,-290.0,200
2000,-22.0,34
2001,-32.0,53
2002,-206.0,155
2003,-290.0,200
2004,-182.0,140
2005,7.0,14
2006,-245.0,200
2007,-95.0,89
2008,-235.0,184
2009,-37.0,58
2010,-163.0,130
2011,-75.0,60
2012,-223.0,154
2013,-201.0,168
2014,-290.0,200
2015,-149.0,125
2016,11.0,10
2017,-263.0,200
2018,-281.0,200
2019,-272.0,200
2020,-167.0,152
2021,-75.0,78
2022,-98.0,92
2023,-245.0,200
2024,-189.0,138
2025,-148.0,88
2026,-254.0,200
2027,-174.0,150
2028,-233.0,182
2029,-299.0,200
2030,-167.0,134
2031,-308.0,200
2032,-124.0,91
2033,-203.0,170
2034,-167.0,161
2035,-109.0,94
2036,-52.0,55
2037,-254.0,200
2038,-201.0,186
2039,-217.0,184
2040,-227.0,200
2041,-91.0,76
2042,-243.0,183
2043,-263.0,200
2044,-77.0,62
2045,-263.0,200
2046,-239.0,170
2047,-19.0,31
2048,-107.0,119
2049,-186.0,144
2050,-164.0,131
2051,-263.0,200
2052,-245.0,200
2053,-37.0,49
2054,-70.0,64
2055,-64.0,67
2056,-182.0,167
2057,-152.0,137
2058,-102.0,87
2059,-127.0,112
2060,-263.0,200
2061,-146.0,140
2062,-259.0,181
2063,-130.0,115
2064,-100.0,94
2065,-235.0,175
2066,-174.0,168
2067,-116.0,83
2068,-218.0,185
2069,-148.0,133
2070,-85.0,88
2071,-123.0,99
2072,-107.0,101
2073,-82.0,85
2074,-139.0,115
2075,-299.0,200
2076,-79.0,46
2077,-236.0,200
2078,-30.0,51
2079,-82.0,67
2080,-227.0,200
2081,-290.0,200
2082,-254.0,200
2083,-41.0,53
2084,-138.0,105
2085,-46.0,49
2086,-245.0,200
2087,-158.0,98
2088,-272.0,200
2089,-236.0,185
2090,-21.0,33
2091,-102.0,105
2092,-207.0,165
2093,-250.0,199
2094,-58.0,79
2095,-129.0,114
2096,-236.0,200
2097,-299.0,200
2098,-254.0,200
2099,-116.0,101
2100,-120.0,105
2101,-173.0,149
2102,-85.0,61
2103,-260.0,182
2104,-54.0,66
2105,-113.0,116
2106,4.0,17
2107,-272.0,200
2108,-20.0,32
2109,-82.0,94
2110,-139.0,133
2111,-12.0,24
2112,-157.0,142
2113,-113.0,107
2114,-254.0,200
2115,-54.0,66
2116,-149.0,125
2117,-169.0,127
2118,-254.0,200
2119,-251.0,200
2120,-172.0,148
2121,-233.0,173
2122,-230.0,197
2123,-165.0,159
2124,-189.0,165
2125,-299.0,200
2126,-208.0,157
2127,-180.0,147
2128,-123.0,99
2129,-272.0,200
2130,-150.0,135
2131,-97.0,91
2132,-196.0,163
2133,-178.0,145
2134,-272.0,200
2135,-155.0,113
2136,-97.0,91
2137,-36.0,39
2138,-5.0,26
2139,-278.0,191
2140,-263.0,194
2141,-137.0,131
2142,-209.0,176
2143,-242.0,200
2144,-145.0,139
2145,-335.0,200
2146,-147.0,123
2147,9.0,12
2148,-100.0,94
2149,-335.0,200
2150,-254.0,200
2151,-57.0,42
2152,-236.0,200
2153,-344.0,200
2154,-124.0,109
2155,-281.0,200
2156,-173.0,131
2157,-263.0,200
2158,-317.0,200
2159,-192.0,168
2160,-245.0,200
2161,-254.0,200
2162,-272.0,200
2163,-213.0,135
2164,-113.0,89
2165,-34.0,46
2166,-189.0,174
2167,0.0,21
2168,-220.0,169
2169,-175.0,133
2170,-61.0,73
2171,-65.0,59
2172,-308.0,200
2173,-171.0,147
2174,-245.0,200
2175,-107.0,101
2176,-131.0,116
2177,-22.0,34
2178,-258.0,189
2179,-228.0,186
2180,-28.0,31
2181,-254.0,176
2182,-157.0,133
2183,-161.0,173
2184,-37.0,58
2185,-245.0,200
2186,-59.0,62
2187,-317.0,200
2188,-161.0,128
2189,-28.0,40
2190,-146.0,158
2191,-245.0,200
2192,-51.0,54
2193,-245.0,200
2194,-227.0,149
2195,-103.0,88
2196,-251.0,200
2197,-43.0,46
2198,-144.0,129
2199,-299.0,200
2200,-182.0,158
2201,-254.0,200
2202,-70.0,73
2203,-254.0,200
2204,-240.0,162
2205,-290.0,200
2206,-210.0,177
2207,-290.0,200
2208,-34.0,46
2209,-95.0,98
2210,-237.0,177
2211,-281.0,200
2212,-218.0,200
2213,-120.0,114
2214,-223.0,181
2215,-244.0,193
2216,-208.0,166
2217,-308.0,200
2218,-43.0,46
2219,-120.0,114
2220,-94.0,106
2221,-236.0,200
2222,-76.0,79
2223,-194.0,134
2224,-168.0,162
2225,-12.0,15
2226,-215.0,182
2227,-67.0,79
2228,-272.0,200
2229,-203.0,161
2230,-17.0,29
2231,-190.0,175
2232,-165.0,123
2233,-215.0,173
2234,-236.0,200
2235,-281.0,200
2236,-85.0,79
2237,-290.0,200
2238,4.0,17
2239,-29.0,50
2240,-222.0,171
2241,-122.0,125
2242,-205.0,172
2243,-61.0,55
2244,-183.0,150
2245,-245.0,200
2246,-290.0,200
2247,-80.0,83
2248,-170.0,128
2249,-290.0,200
2250,-272.0,200
2251,-212.0,188
2252,-37.0,40
2253,-137.0,131
2254,-168.0,144
2255,-183.0,150
2256,-29.0,41
2257,-22.0,43
2258,-263.0,200
2259,-227.0,200
2260,-179.0,137
2261,-37.0,40
2262,-326.0,200
2263,-231.0,180
2264,-209.0,167
2265,-81.0,84
2266,-281.0,200
2267,-130.0,97
2268,-176.0,143
2269,-83.0,68
2270,-263.0,200
2271,-162.0,156
2272,-16.0,37
2273,-64.0,67
2274,-142.0,136
2275,-54.0,57
2276,-97.0,109
2277,-39.0,51
2278,-272.0,200
2279,-197.0,182
2280,-60.0,72
2281,-245.0,200
2282,-60.0,72
2283,-206.0,173
2284,-220.0,160
2285,-213.0,180
2286,-139.0,124
2287,-59.0,71
2288,-212.0,197
2289,-299.0,200
2290,-270.0,183
2291,-145.0,103
2292,-145.0,121
2293,-54.0,66
2294,-50.0,62
2295,-179.0,137
2296,-245.0,200
2297,-272.0,200
2298,-290.0,200
2299,-272.0,200
2300,-166.0,142
2301,-221.0,179
2302,-106.0,100
2303,-254.0,200
2304,-272.0,200
2305,-107.0,101
2306,-254.0,200
2307,-272.0,200
2308,-46.0,49
2309,-63.0,75
2310,-104.0,98
2311,-94.0,79
2312,-26.0,38
2313,-133.0,109
2314,-290.0,200
2315,-161.0,119
2316,-130.0,115
2317,-218.0,176
2318,-79.0,82
2319,-118.0,94
2320,-81.0,84
2321,-90.0,84
2322,-290.0,200
2323,-104.0,107
2324,-202.0,169
2325,-176.0,116
2326,-72.0,75
2327,-200.0,149
2328,-104.0,107
2329,-227.0,200
2330,-151.0,136
2331,-235.0,184
2332,-152.0,164
2333,-290.0,200
2334,-9.0,21
2335,-182.0,149
2336,-136.0,94
2337,-152.0,119
2338,-146.0,113
2339,-221.0,179
2340,-26.0,29
2341,-149.0,125
2342,-33.0,27
2343,-49.0,34
2344,-254.0,200
2345,-196.0,163
2346,-144.0,102
2347,-245.0,200
2348,-218.0,194
2349,-173.0,149
2350,-236.0,176
2351,-53.0,56
2352,-245.0,200
2353,-258.0,171
2354,-143.0,101
2355,-112.0,106
2356,-169.0,136
2357,-71.0,65
2358,-299.0,200
2359,-290.0,200
2360,-144.0,111
2361,-245.0,200
2362,-263.0,200
2363,-73.0,85
2364,-227.0,200
2365,4.0,17
2366,-155.0,122
2367,-192.0,159
2368,-260.0,200
2369,-208.0,166
2370,-50.0,62
2371,-254.0,200
2372,-78.0,81
2373,-30.0,51
2374,-281.0,200
2375,-217.0,193
2376,-113.0,107
2377,-69.0,63
2378,-101.0,104
2379,-29.0,50
2380,-134.0,101
2381,-245.0,200
2382,-290.0,200
2383,-149.0,116
2384,-84.0,78
2385,-91.0,103
2386,-272.0,200
2387,-236.0,200
2388,4.0,17
2389,-216.0,192
2390,9.0,12
2391,-61.0,73
2392,-221.0,170
2393,-163.0,148
2394,-151.0,127
2395,-47.0,50
2396,-87.0,90
2397,-290.0,200
2398,-167.0,143
2399,-272.0,200
2400,-22.0,34
2401,-48.0,51
2402,-74.0,86
2403,6.0,15
2404,-75.0,69
2405,-299.0,200
2406,-175.0,142
2407,-290.0,200
2408,-30.0,42
2409,-54.0,48
2410,-299.0,200
2411,-106.0,91
2412,13.0,8
2413,-14.0,26
2414,-308.0,200
2415,-216.0,147
2416,-281.0,200
2417,-104.0,107
2418,-137.0,131
2419,-238.0,196
2420,-166.0,160
2421,-117.0,111
2422,-128.0,104
2423,-281.0,200
2424,2.0,19
2425,-185.0,152
2426,-263.0,200
2427,-159.0,135
2428,-182.0,149
2429,-227.0,200
2430,-197.0,191
2431,-120.0,105
2432,-299.0,200
2433,-214.0,172
2434,-254.0,200
2435,-6.0,18
2436,-281.0,200
2437,-83.0,59
2438,-70.0,82
2439,-205.0,190
2440,-36.0,57
2441,-38.0,50
2442,-80.0,74
2443,-109.0,112
2444,-290.0,200
2445,-254.0,200
2446,-264.0,186
2447,-246.0,177
2448,-29.0,41
2449,-53.0,74
2450,-135.0,111
2451,-13.0,25
2452,-245.0,200
2453,-40.0,52
2454,-190.0,166
2455,-53.0,56
2456,-127.0,94
2457,-281.0,200
2458,-225.0,156
2459,-196.0,154
2460,-182.0,149
2461,-245.0,200
2462,-176.0,161
2463,-205.0,163
2464,4.0,17
2465,-236.0,200
2466,-87.0,81
2467,-4.0,25
2468,-281.0,200
2469,-46.0,58
2470,-138.0,123
2471,-208.0,166
2472,-151.0,145
2473,-8.0,20
2474,-263.0,200
2475,-103.0,97
2476,-299.0,200
2477,-82.0,67
2478,-114.0,90
2479,-147.0,105
2480,-95.0,89
2481,-203.0,152
2482,-69.0,72
2483,-148.0,142
2484,-73.0,58
2485,-149.0,107
2486,-189.0,147
2487,-234.0,192
2488,-190.0,157
2489,-104.0,98
2490,-299.0,200
2491,-263.0,200
2492,-233.0,200
2493,-254.0,200
2494,-236.0,200
2495,-53.0,65
2496,-56.0,59
2497,-335.0,200
2498,-290.0,200
2499,-205.0,145
2500,8.0,13
2501,-308.0,200
2502,-263.0,200
2503,-136.0,148
2504,-98.0,110
2505,-59.0,62
2506,-199.0,193
2507,-18.0,21
2508,-190.0,148
2509,-161.0,137
2510,-36.0,48
2511,-317.0,200
2512,-245.0,200
2513,-93.0,69
2514,-254.0,200
2515,1.0,20
2516,12.0,9
2517,-121.0,97
2518,-17.0,20
2519,-111.0,105
2520,-281.0,200
2521,-108.0,102
2522,-263.0,200
2523,-281.0,200
2524,-61.0,37
2525,-214.0,190
2526,-30.0,42
2527,-184.0,133
2528,-128.0,122
2529,-71.0,74
2530,-263.0,200
2531,-84.0,69
2532,-106.0,82
2533,-272.0,200
2534,-202.0,142
2535,-155.0,122
2536,-211.0,151
2537,-317.0,200
2538,-263.0,200
2539,-159.0,126
2540,-107.0,92
2541,-46.0,58
2542,-41.0,62
2543,-118.0,76
2544,-101.0,104
2545,-35.0,47
2546,-181.0,193
2547,-241.0,181
2548,-142.0,145
2549,-263.0,200
2550,-45.0,48
2551,-158.0,125
2552,-241.0,199
2553,-52.0,55
2554,-236.0,200
2555,-239.0,161
2556,-140.0,125
2557,-82.0,85
2558,-230.0,188
2559,-272.0,200
2560,-119.0,122
2561,-178.0,136
2562,-166.0,142
2563,-131.0,116
2564,-263.0,200
2565,-263.0,200
2566,-143.0,128
2567,-58.0,61
2568,-175.0,160
2569,-190.0,175
2570,-147.0,123
2571,-126.0,102
2572,-65.0,68
2573,-263.0,200
2574,-20.0,32
2575,9.0,12
2576,-317.0,200
2577,-81.0,84
2578,-17.0,20
2579,-245.0,200
2580,-46.0,49
2581,-67.0,61
2582,-170.0,146
2583,-7.0,19
2584,-115.0,82
2585,-4.0,25
2586,-209.0,200
2587,-131.0,107
2588,-272.0,200
2589,-236.0,200
2590,-196.0,136
2591,-20.0,32
2592,-290.0,200
2593,-132.0,108
2594,3.0,9
2595,-104.0,98
2596,-216.0,174
2597,-44.0,29
2598,-317.0,200
2599,-127.0,121
2600,-182.0,167
2601,-308.0,200
2602,-41.0,44
2603,-141.0,117
2604,-120.0,132
2605,-290.0,200
2606,-175.0,142
2607,-125.0,110
2608,-36.0,39
2609,-54.0,48
2610,-299.0,200
2611,-17.0,29
2612,-263.0,200
2613,-263.0,200
2614,-125.0,110
2615,-34.0,37
2616,-11.0,32
2617,-281.0,200
2618,-226.0,193
2619,-260.0,200
2620,-31.0,43
2621,-299.0,200
2622,-209.0,167
2623,-263.0,200
2624,-101.0,95
2625,-75.0,78
2626,-65.0,59
2627,-88.0,64
2628,-61.0,73
2629,-203.0,170
2630,-180.0,165
2631,-256.0,196
2632,-206.0,173
2633,-207.0,174
2634,-127.0,94
2635,-53.0,65
2636,-281.0,200
2637,-17.0,38
2638,-30.0,51
2639,-219.0,195
2640,-63.0,66
2641,-136.0,103
2642,-68.0,80
2643,-132.0,108
2644,-172.0,121
2645,-249.0,189
2646,-141.0,117
2647,-209.0,167
2648,-124.0,109
2649,-213.0,189
2650,-28.0,49
2651,-219.0,168
2652,-239.0,197
2653,-182.0,131
2654,-52.0,55
2655,-55.0,58
2656,-281.0,200
2657,-159.0,108
2658,-269.0,191
2659,-146.0,131
2660,-242.0,173
2661,-103.0,97
2662,-299.0,200
2663,-180.0,156
2664,-206.0,155
2665,-245.0,176
2666,-89.0,83
2667,-133.0,127
2668,-236.0,200
2669,-245.0,200
2670,-201.0,150
2671,-203.0,179
2672,-254.0,200
2673,-233.0,200
2674,-86.0,80
2675,-60.0,54
2676,-63.0,66
2677,-236.0,200
2678,-190.0,139
2679,-2.0,23
2680,-53.0,74
2681,-113.0,89
2682,-150.0,126
2683,-8.0,29
2684,-127.0,103
2685,6.0,15
2686,-55.0,49
2687,-281.0,200
2688,-196.0,190
2689,-207.0,174
2690,-299.0,200
2691,-133.0,145
2692,-254.0,200
2693,-53.0,65
2694,-69.0,72
2695,-236.0,200
2696,-71.0,83
2697,-127.0,94
2698,-250.0,190
2699,-76.0,88
2700,-145.0,130
2701,-34.0,46
2702,-135.0,111
2703,-207.0,183
2704,-39.0,60
2705,-254.0,200
2706,-156.0,141
2707,-225.0,156
2708,-122.0,116
2709,-299.0,200
2710,-31.0,34
2711,3.0,18
2712,-308.0,200
2713,-84.0,96
2714,-245.0,200
2715,-162.0,120
2716,-289.0,193
2717,-86.0,53
2718,-132.0,117
2719,-38.0,41
2720,-290.0,200
2721,-272.0,200
2722,-100.0,85
2723,-263.0,200
2724,-126.0,93
2725,-90.0,93
2726,-103.0,88
2727,6.0,15
2728,-263.0,200
2729,-263.0,200
2730,-16.0,28
2731,-149.0,125
2732,-76.0,88
2733,-160.0,145
2734,12.0,9
2735,-175.0,160
2736,-136.0,139
2737,-97.0,91
2738,-9.0,21
2739,-272.0,200
2740,5.0,7
2741,-224.0,173
2742,-182.0,158
2743,-222.0,171
2744,-6.0,18
2745,-225.0,192
2746,-133.0,118
2747,-246.0,177
2748,-3.0,24
2749,-317.0,200
2750,-64.0,58
2751,-159.0,144
2752,4.0,17
2753,-12.0,33
2754,-135.0,120
2755,-272.0,200
2756,-88.0,91
2757,-101.0,86
2758,-272.0,200
2759,-227.0,200
2760,-121.0,106
2761,-158.0,134
2762,-66.0,78
2763,-138.0,105
2764,-99.0,84
2765,-10.0,31
2766,-272.0,200
2767,-165.0,150
2768,-166.0,142
2769,-136.0,121
2770,-25.0,37
2771,5.0,16
2772,-18.0,39
2773,-272.0,200
2774,-107.0,92
2775,-178.0,163
2776,-199.0,157
2777,-119.0,113
2778,-196.0,136
2779,-117.0,102
2780,-117.0,102
2781,-290.0,200
2782,-232.0,181
2783,-42.0,45
2784,-184.0,160
2785,6.0,15
2786,-99.0,93
2787,-26.0,38
2788,-155.0,131
2789,-2.0,14
2790,-111.0,105
2791,-100.0,103
2792,-35.0,56
2793,-145.0,94
2794,-67.0,52
2795,-167.0,152
2796,-189.0,156
2797,13.0,8
2798,-209.0,185
2799,-133.0,145
2800,-290.0,200
2801,-216.0,192
2802,-79.0,73
2803,-78.0,81
2804,-96.0,90
2805,-159.0,153
2806,-32.0,44
2807,-83.0,68
2808,-59.0,71
2809,-197.0,164
2810,-152.0,110
2811,-144.0,120
2812,-245.0,200
2813,-226.0,193
2814,-272.0,200
2815,-69.0,72
2816,-61.0,64
2817,-210.0,177
2818,-79.0,64
2819,-164.0,140
2820,-263.0,200
2821,-230.0,197
2822,-50.0,53
2823,-31.0,43
2824,-231.0,171
2825,-139.0,115
2826,-281.0,200
2827,-112.0,106
2828,-58.0,43
2829,-344.0,200
2830,1.0,20
2831,-129.0,114
2832,-202.0,169
2833,5.0,16
2834,-281.0,200
2835,-281.0,200
2836,-102.0,105
2837,-308.0,200
2838,-245.0,200
2839,-82.0,85
2840,-50.0,53
2841,12.0,9
2842,-254.0,200
2843,-126.0,129
2844,9.0,12
2845,-178.0,145
2846,-254.0,200
2847,-102.0,87
2848,-93.0,78
2849,-27.0,48
2850,-148.0,133
2851,15.0,6
2852,-127.0,112
2853,2.0,19
2854,-136.0,121
2855,-16.0,28
2856,-194.0,134
2857,-138.0,96
2858,-290.0,200
2859,-290.0,200
2860,-109.0,67
2861,-39.0,51
2862,0.0,12
2863,-143.0,119
2864,-281.0,200
2865,-44.0,47
2866,-86.0,89
2867,-75.0,60
2868,-9.0,30
2869,-168.0,144
2870,-2.0,23
2871,-190.0,184
2872,-143.0,146
2873,-199.0,139
2874,-263.0,200
2875,-102.0,87
2876,-63.0,75
2877,-166.0,142
2878,-28.0,31
2879,-71.0,74
2880,-213.0,180
2881,-123.0,117
2882,9.0,12
2883,-112.0,97
2884,-245.0,200
2885,-83.0,77
2886,-15.0,27
2887,14.0,7
2888,-18.0,21
2889,-272.0,200
2890,-290.0,200
2891,-64.0,58
2892,-287.0,182
2893,-179.0,119
2894,2.0,19
2895,-272.0,200
2896,-228.0,195
2897,-96.0,81
2898,-198.0,147
2899,-171.0,129
2900,8.0,13
2901,-55.0,67
2902,-191.0,158
2903,-133.0,127
2904,-37.0,49
2905,-194.0,134
2906,-127.0,103
2907,-254.0,200
2908,3.0,18
2909,-126.0,93
2910,-66.0,51
2911,-166.0,160
2912,-141.0,117
2913,-206.0,173
2914,-90.0,84
2915,-254.0,200
2916,-183.0,141
2917,15.0,6
2918,-200.0,167
2919,-11.0,32
2920,-200.0,149
2921,-152.0,155
2922,-183.0,132
2923,-146.0,122
2924,7.0,14
2925,-144.0,120
2926,-130.0,97
2927,3.0,18
2928,-101.0,86
2929,-138.0,123
2930,-79.0,82
2931,-71.0,83
2932,-114.0,90
2933,-263.0,200
2934,-15.0,18
2935,-77.0,71
2936,-146.0,131
2937,15.0,6
2938,-58.0,70
2939,-73.0,67
2940,-29.0,32
2941,-178.0,127
2942,-254.0,200
2943,-203.0,170
2944,-9.0,30
2945,-64.0,76
2946,-72.0,75
2947,-93.0,87
2948,-179.0,146
2949,-281.0,200
2950,-107.0,101
2951,-272.0,200
2952,-66.0,78
2953,-112.0,106
2954,-66.0,60
2955,-98.0,110
2956,-116.0,101
2957,-272.0,200
2958,-79.0,73
2959,-122.0,98
2960,-58.0,70
2961,-272.0,200
2962,7.0,14
2963,-70.0,82
2964,-132.0,108
2965,-166.0,106
2966,8.0,13
2967,-89.0,101
2968,-140.0,134
2969,-210.0,186
2970,-175.0,142
2971,-139.0,115
2972,-263.0,200
2973,-46.0,58
2974,-229.0,169
2975,-110.0,95
2976,-104.0,89
2977,-133.0,109
2978,-228.0,186
2979,-7.0,28
2980,-133.0,118
2981,-7.0,28
2982,-171.0,120
2983,-317.0,200
2984,-105.0,90
2985,-145.0,130
2986,-254.0,200
2987,-185.0,170
2988,-213.0,162
2989,-124.0,100
2990,-110.0,104
2991,-7.0,19
2992,-281.0,200
2993,-89.0,101
2994,-233.0,191
2995,-223.0,172
2996,-227.0,200
2997,-103.0,61
2998,-167.0,134
2999,-99.0,111
3000,-217.0,175
3001,-145.0,121
3002,-18.0,39
3003,-56.0,50
3004,-186.0,162
3005,-91.0,94
3006,-263.0,200
3007,-144.0,120
3008,6.0,15
3009,-167.0,143
3010,-135.0,111
3011,-236.0,200
3012,-240.0,189
3013,-228.0,159
3014,-16.0,28
3015,-194.0,143
3016,-275.0,188
3017,-16.0,28
3018,-150.0,153
3019,-152.0,119
3020,-154.0,130
3021,-188.0,146
3022,-113.0,107
3023,-51.0,45
3024,-103.0,97
3025,-112.0,79
3026,-113.0,80
3027,-58.0,70
3028,-254.0,200
3029,-239.0,161
3030,-53.0,65
3031,-203.0,152
3032,-92.0,95
3033,-272.0,200
3034,-103.0,79
3035,-234.0,174
3036,-130.0,124
3037,-146.0,113
3038,-205.0,190
3039,-58.0,61
3040,-272.0,200
3041,-120.0,87
3042,-220.0,169
3043,-254.0,200
3044,-7.0,28
3045,-3.0,15
3046,-59.0,62
3047,-157.0,142
3048,-201.0,159
3049,-66.0,60
3050,-119.0,104
3051,-95.0,89
3052,-71.0,83
3053,-231.0,198
3054,-263.0,200
3055,-104.0,98
3056,-236.0,200
3057,-15.0,27
3058,-30.0,42
3059,-254.0,200
3060,-20.0,41
3061,15.0,6
3062,4.0,17
3063,-113.0,107
3064,-70.0,64
3065,-161.0,128
3066,-263.0,200
3067,-187.0,163
3068,-75.0,69
3069,-65.0,59
3070,-137.0,113
3071,-110.0,104
3072,-208.0,157
3073,-263.0,185
3074,-112.0,97
3075,-65.0,50
3076,-39.0,51
3077,-81.0,93
3078,-115.0,127
3079,-299.0,200
3080,-107.0,101
3081,-125.0,110
3082,-153.0,120
3083,-254.0,200
3084,-52.0,55
3085,-131.0,98
3086,-161.0,128
3087,-96.0,81
3088,-148.0,142
3089,-252.0,192
3090,-290.0,200
3091,-32.0,44
3092,-32.0,44
3093,-263.0,200
3094,-226.0,175
3095,-263.0,200
3096,-181.0,157
3097,-142.0,127
3098,-86.0,80
3099,-78.0,90
3100,-13.0,25
3101,-12.0,33
3102,15.0,6
3103,-97.0,91
3104,-233.0,182
3105,-245.0,200
3106,-66.0,60
3107,-29.0,41
3108,-53.0,65
3109,-219.0,195
3110,-46.0,67
3111,-162.0,165
3112,-48.0,69
3113,-227.0,200
3114,-299.0,200
3115,-281.0,200
3116,-67.0,61
3117,-134.0,101
3118,-246.0,177
3119,-119.0,104
3120,-87.0,81
3121,-236.0,200
3122,-143.0,119
3123,-21.0,33
3124,-189.0,156
3125,-94.0,79
3126,-143.0,137
3127,-195.0,171
3128,-105.0,99
3129,-76.0,70
3130,-210.0,159
3131,-52.0,55
3132,-74.0,68
3133,-112.0,124
3134,-155.0,131
3135,-281.0,200
3136,-37.0,49
3137,-90.0,84
3138,-272.0,200
3139,-207.0,183
3140,-227.0,200
3141,-232.0,190
3142,-213.0,189
3143,-38.0,41
3144,-34.0,37
3145,-160.0,127
3146,-2.0,23
3147,-172.0,139
3148,-27.0,39
3149,-31.0,52
3150,-109.0,121
3151,-61.0,64
3152,-19.0,31
3153,-172.0,130
3154,-59.0,53
3155,-227.0,200
3156,-308.0,200
3157,-191.0,149
3158,-177.0,126
3159,-102.0,69
3160,-205.0,163
3161,-67.0,70
3162,-7.0,28
3163,-102.0,87
3164,-109.0,103
3165,-281.0,200
3166,-101.0,122
3167,-93.0,96
3168,-102.0,96
3169,-121.0,79
3170,-46.0,49
3171,-195.0,153
3172,-135.0,129
3173,-29.0,50
3174,-242.0,191
3175,-169.0,145
3176,-48.0,60
3177,2.0,19
3178,-153.0,129
3179,-217.0,184
3180,-290.0,200
3181,-101.0,86
3182,-79.0,46
3183,-19.0,31
3184,-165.0,177
3185,-50.0,62
3186,-184.0,133
3187,-281.0,200
3188,-4.0,25
3189,-72.0,66
3190,-272.0,200
3191,-117.0,120
3192,-11.0,32
3193,-122.0,125
3194,-224.0,155
3195,14.0,7
3196,-94.0,97
3197,-217.0,193
3198,-265.0,187
3199,-4.0,25
3200,-96.0,99
3201,-2.0,23
3202,-170.0,128
3203,-217.0,184
3204,-108.0,102
3205,-263.0,200
3206,-27.0,39
3207,-23.0,44
3208,-20.0,32
3209,-115.0,100
3210,-235.0,166
3211,-167.0,170
3212,-163.0,157
3213,-37.0,40
3214,-140.0,107
3215,-191.0,158
3216,-55.0,67
3217,-126.0,102
3218,-110.0,113
3219,-193.0,178
3220,-58.0,52
3221,-137.0,140
3222,-8.0,29
3223,-44.0,56
3224,-236.0,200
3225,-116.0,119
3226,-114.0,99
3227,-142.0,118
3228,-56.0,59
3229,-236.0,194
3230,-137.0,113
3231,-205.0,172
3232,-143.0,119
3233,-145.0,112
3234,-173.0,131
3235,-202.0,187
3236,-129.0,132
3237,-272.0,200
3238,-263.0,200
3239,-29.0,41
3240,-64.0,67
3241,-31.0,43
3242,-194.0,161
3243,-114.0,117
3244,-80.0,92
3245,2.0,19
3246,-236.0,200
3247,-38.0,41
3248,-39.0,51
3249,-62.0,47
3250,-140.0,125
3251,-128.0,113
3252,-290.0,200
3253,-52.0,55
3254,10.0,11
3255,-122.0,116
3256,-245.0,200
3257,-67.0,70
3258,-105.0,90
3259,-102.0,96
3260,-95.0,107
3261,-129.0,105
3262,-22.0,25
3263,-122.0,98
3264,-220.0,187
3265,-245.0,200
3266,-56.0,59
3267,-25.0,28
3268,-204.0,135
3269,-192.0,168
3270,-95.0,89
3271,-91.0,85
3272,-32.0,44
3273,-59.0,62
3274,-69.0,81
3275,-120.0,105
3276,-245.0,149
3277,-19.0,40
3278,-79.0,82
3279,-76.0,61
3280,-144.0,147
3281,-138.0,141
3282,-149.0,134
3283,-39.0,42
3284,-44.0,47
3285,-254.0,200
3286,-96.0,117
3287,-156.0,123
3288,-50.0,53
3289,-22.0,43
3290,-163.0,148
3291,-70.0,64
3292,-30.0,33
3293,-254.0,200
3294,-32.0,53
3295,-96.0,81
3296,-209.0,149
3297,-132.0,135
3298,-63.0,66
3299,-1.0,13
3300,-114.0,117
3301,-121.0,106
3302,-168.0,162
3303,-90.0,102
3304,-190.0,139
3305,-152.0,137
3306,4.0,8
3307,-106.0,109
3308,-139.0,124
3309,-78.0,99
3310,-144.0,129
3311,-281.0,200
3312,-62.0,56
3313,-45.0,48
3314,-124.0,118
3315,-254.0,200
3316,-60.0,63
3317,-94.0,88
3318,4.0,17
3319,-10.0,31
3320,-87.0,90
3321,-223.0,181
3322,-12.0,33
3323,-200.0,131
3324,-126.0,102
3325,-67.0,61
3326,-225.0,192
3327,-248.0,170
3328,-41.0,62
3329,-99.0,93
3330,-142.0,118
3331,-248.0,188
3332,-183.0,159
3333,-97.0,100
3334,-139.0,151
3335,-110.0,86
3336,4.0,8
3337,-188.0,146
3338,11.0,10
3339,-80.0,101
3340,-167.0,125
3341,-91.0,94
3342,-150.0,126
3343,-225.0,174
3344,-138.0,123
3345,-263.0,200
3346,-218.0,158
3347,-94.0,70
3348,-110.0,104
3349,-69.0,63
3350,-195.0,162
3351,-91.0,94
3352,-197.0,191
3353,0.0,21
3354,-37.0,49
3355,-144.0,120
3356,-317.0,200
3357,-109.0,112
3358,-184.0,169
3359,-114.0,108
3360,-22.0,43
3361,-82.0,67
3362,-5.0,26
3363,-5.0,26
3364,-34.0,28
3365,-226.0,184
3366,-77.0,89
3367,-85.0,88
3368,-116.0,92
3369,3.0,18
3370,-141.0,117
3371,-142.0,109
3372,-1.0,22
3373,12.0,9
3374,-108.0,84
3375,-24.0,27
3376,-119.0,131
3377,5.0,16
3378,-102.0,78
3379,-27.0,39
3380,-19.0,31
3381,11.0,10
3382,-175.0,124
3383,-227.0,167
3384,-7.0,28
3385,-61.0,73
3386,-33.0,36
3387,-29.0,32
3388,-70.0,64
3389,-234.0,183
3390,-218.0,200
3391,-170.0,137
3392,-272.0,200
3393,-15.0,27
3394,-6.0,27
3395,-14.0,26
3396,-6.0,27
3397,-272.0,200
3398,-114.0,99
3399,-48.0,42
3400,-47.0,59
3401,-117.0,111
3402,-116.0,119
3403,-29.0,32
3404,-104.0,107
3405,-140.0,134
3406,-215.0,182
3407,-177.0,153
3408,4.0,17
3409,-263.0,200
3410,-163.0,130
3411,-236.0,200
3412,-206.0,182
3413,-138.0,132
3414,-92.0,104
3415,-248.0,197
3416,-120.0,96
3417,-299.0,200
3418,-47.0,50
3419,-66.0,78
3420,-272.0,200
3421,-21.0,42
3422,-85.0,88
3423,-184.0,124
3424,-16.0,19
3425,-135.0,120
3426,-253.0,184
3427,-62.0,83
3428,-123.0,99
3429,1.0,11
3430,-134.0,101
3431,-150.0,108
3432,-70.0,64
3433,-80.0,83
3434,-210.0,168
3435,-55.0,58
3436,-117.0,129
3437,3.0,18
3438,-126.0,120
3439,15.0,6
3440,-6.0,27
3441,-127.0,112
3442,-174.0,141
3443,-40.0,52
3444,-177.0,117
3445,-98.0,101
3446,-115.0,100
3447,-135.0,120
3448,-38.0,50
3449,12.0,9
3450,-89.0,65
3451,-151.0,118
3452,-149.0,125
3453,-204.0,171
3454,-4.0,16
3455,-272.0,200
3456,-299.0,200
3457,-86.0,62
3458,-97.0,82
3459,-182.0,131
3460,-194.0,161
3461,13.0,8
3462,-187.0,172
3463,5.0,16
3464,-9.0,30
3465,10.0,11
3466,-67.0,52
3467,-98.0,92
3468,-124.0,118
3469,-2.0,14
3470,-148.0,151
3471,-54.0,57
3472,-206.0,200
3473,-107.0,101
3474,-145.0,139
3475,-149.0,152
3476,9.0,12
3477,9.0,12
3478,-72.0,75
3479,-126.0,120
3480,-173.0,149
3481,8.0,13
3482,-112.0,97
3483,-96.0,99
3484,2.0,19
3485,-73.0,85
3486,-163.0,139
3487,-183.0,150
3488,-39.0,60
3489,-21.0,33
3490,-45.0,48
3491,-111.0,87
3492,-1.0,22
3493,-167.0,116
3494,-106.0,100
3495,-43.0,64
3496,-44.0,56
3497,-229.0,187
3498,-72.0,75
3499,-198.0,147
3500,14.0,7
3501,-245.0,200
3502,-106.0,100
3503,-45.0,48
3504,-156.0,132
3505,-92.0,68
3506,-136.0,112
3507,-16.0,28
3508,-93.0,87
3509,-194.0,179
3510,-152.0,155
3511,-43.0,37
3512,-267.0,198
3513,-97.0,109
3514,-8.0,29
3515,-281.0,200
3516,-147.0,132
3517,-12.0,24
3518,-148.0,115
3519,-254.0,200
3520,-167.0,116
3521,-187.0,163
3522,-22.0,25
3523,-44.0,47
3524,-158.0,134
3525,-76.0,97
3526,-18.0,30
3527,-83.0,77
3528,-238.0,178
3529,-226.0,184
3530,-26.0,38
3531,-66.0,78
3532,-44.0,56
3533,-98.0,74
3534,-115.0,127
3535,-122.0,116
3536,-198.0,165
3537,-138.0,123
3538,-189.0,129
3539,-6.0,18
3540,-68.0,71
3541,-170.0,164
3542,-1.0,22
3543,-263.0,200
3544,-59.0,53
3545,-111.0,105
3546,-13.0,34
3547,-117.0,102
3548,-145.0,112
3549,-263.0,200
3550,-24.0,27
3551,-205.0,154
3552,-42.0,45
3553,-149.0,134
3554,-211.0,169
3555,11.0,10
3556,-207.0,183
3557,-239.0,179
3558,-61.0,64
3559,-135.0,120
3560,-281.0,200
3561,-109.0,103
3562,-3.0,15
3563,-108.0,102
3564,-84.0,78
3565,-16.0,28
3566,-2.0,23
3567,-81.0,66
3568,-30.0,51
3569,-77.0,80
3570,-94.0,70
3571,-199.0,166
3572,-53.0,56
3573,-28.0,49
3574,-7.0,10
3575,-243.0,165
3576,-55.0,58
3577,-113.0,98
3578,-256.0,178
3579,9.0,12
3580,-108.0,93
3581,-96.0,99
3582,-19.0,31
3583,-65.0,68
3584,-152.0,137
3585,-3.0,15
3586,-10.0,31
3587,-74.0,86
3588,-4.0,25
3589,-131.0,125
3590,-137.0,113
3591,3.0,9
3592,-190.0,157
3593,-44.0,47
3594,-131.0,107
3595,-44.0,38
3596,-28.0,31
3597,-112.0,106
3598,-31.0,43
3599,-90.0,84
3600,-71.0,74
3601,-56.0,68
3602,-16.0,37
3603,-24.0,45
3604,-23.0,26
3605,-48.0,51
3606,-164.0,131
3607,-132.0,126
3608,-236.0,200
3609,-1.0,22
3610,-137.0,122
3611,-113.0,89
3612,-2.0,23
3613,-37.0,31
3614,5.0,16
3615,5.0,16
3616,-133.0,100
3617,-254.0,200
3618,-176.0,116
3619,-36.0,48
3620,-128.0,131
3621,-119.0,104
3622,-170.0,164
3623,-44.0,38
3624,-269.0,200
3625,-9.0,30
3626,-134.0,101
3627,-106.0,109
3628,-254.0,200
3629,13.0,8
3630,-182.0,149
3631,-272.0,200
3632,-127.0,121
3633,-152.0,119
3634,-51.0,36
3635,-65.0,59
3636,-50.0,62
3637,-36.0,48
3638,-2.0,23
3639,3.0,9
3640,-156.0,150
3641,-129.0,132
3642,-257.0,188
3643,12.0,9
3644,14.0,7
3645,-27.0,30
3646,-11.0,23
3647,-130.0,106
3648,-26.0,29
3649,-14.0,35
3650,-236.0,200
3651,-13.0,25
3652,-272.0,200
3653,-122.0,116
3654,-238.0,160
3655,-5.0,17
3656,-31.0,52
3657,-98.0,74
3658,-44.0,29
3659,-129.0,114
3660,-228.0,177
3661,-132.0,117
3662,-57.0,69
3663,-88.0,100
3664,-30.0,42
3665,-16.0,37
3666,-150.0,153
3667,-111.0,78
3668,-15.0,36
3669,-28.0,31
3670,-36.0,39
3671,-97.0,82
3672,-113.0,116
3673,-192.0,159
3674,8.0,13
3675,-57.0,60
3676,-123.0,117
3677,5.0,7
3678,-281.0,200
3679,-89.0,83
3680,-115.0,82
3681,-290.0,200
3682,-1.0,13
3683,-51.0,63
3684,-24.0,27
3685,-108.0,111
3686,-193.0,142
3687,-22.0,43
3688,-103.0,88
3689,-147.0,114
3690,-105.0,90
3691,-54.0,66
3692,-94.0,88
3693,-136.0,103
3694,-79.0,73
3695,-68.0,71
3696,-29.0,50
3697,-97.0,91
3698,-41.0,35
3699,-56.0,68
3700,-39.0,51
3701,-102.0,114
3702,-25.0,46
3703,-132.0,135
3704,-91.0,76
3705,-9.0,21
3706,1.0,20
3707,-218.0,185
3708,-64.0,67
3709,-104.0,98
3710,-125.0,119
3711,-127.0,139
3712,-110.0,104
3713,-70.0,64
3714,-239.0,188
3715,-32.0,35
3716,-11.0,23
3717,-102.0,105
3718,-121.0,106
3719,-245.0,200
3720,-21.0,33
3721,-101.0,86
3722,-154.0,121
3723,-137.0,113
3724,-50.0,44
3725,-84.0,87
3726,-189.0,156
3727,-49.0,52
3728,-225.0,183
3729,-46.0,49
3730,9.0,12
3731,-118.0,112
3732,11.0,10
3733,-83.0,68
3734,-119.0,122
3735,-160.0,145
3736,-86.0,71
3737,-199.0,157
3738,-152.0,137
3739,-165.0,141
3740,-272.0,200
3741,-223.0,145
3742,-85.0,88
3743,-30.0,42
3744,-111.0,105
3745,-1.0,22
3746,-206.0,155
3747,-256.0,196
3748,-127.0,121
3749,-18.0,30
3750,-225.0,174
3751,-16.0,37
3752,-10.0,31
3753,-138.0,105
3754,-142.0,136
3755,-96.0,99
3756,-299.0,200
3757,-127.0,94
3758,4.0,17
3759,-7.0,28
3760,-8.0,29
3761,-39.0,60
3762,-263.0,200
3763,-244.0,184
3764,-247.0,196
3765,-191.0,158
3766,-156.0,141
3767,-102.0,105
3768,-17.0,29
3769,-96.0,72
3770,-30.0,33
3771,-157.0,124
3772,-127.0,112
3773,-199.0,148
3774,-55.0,58
3775,3.0,9
3776,-53.0,47
3777,-98.0,83
3778,-168.0,135
3779,-148.0,106
3780,-52.0,46
3781,-6.0,27
3782,-222.0,180
3783,15.0,6
3784,-62.0,65
3785,-7.0,19
3786,-12.0,24
3787,-62.0,65
3788,14.0,7
3789,-57.0,60
3790,-149.0,152
3791,-220.0,178
3792,-147.0,114
3793,-103.0,106
3794,5.0,16
3795,-69.0,63
3796,14.0,7
3797,-15.0,36
3798,12.0,9
3799,0.0,21
3800,-236.0,176
3801,-110.0,131
3802,-49.0,70
3803,-178.0,163
3804,1.0,20
3805,-120.0,114
3806,-150.0,144
3807,4.0,8
3808,-210.0,177
3809,-127.0,85
3810,-290.0,200
3811,-201.0,150
3812,-151.0,127
3813,-263.0,200
3814,-317.0,200
3815,-143.0,128
3816,2.0,19
3817,-76.0,79
3818,-130.0,106
3819,-197.0,173
3820,-165.0,123
3821,-122.0,107
3822,-15.0,27
3823,-87.0,81
3824,-127.0,112
3825,-27.0,30
3826,6.0,15
3827,-105.0,63
3828,-59.0,62
3829,-170.0,119
3830,-152.0,137
3831,-49.0,52
3832,-69.0,81
3833,-61.0,55
3834,-97.0,91
3835,-1.0,13
3836,-29.0,41
3837,-92.0,95
3838,-144.0,93
3839,-4.0,16
3840,-62.0,65
3841,-65.0,77
3842,-34.0,46
3843,-35.0,29
3844,7.0,14
3845,-101.0,113
3846,-131.0,125
3847,14.0,7
3848,-115.0,109
3849,-71.0,83
3850,-167.0,179
3851,-241.0,190
3852,-66.0,69
3853,-182.0,149
3854,-245.0,200
3855,-281.0,200
3856,-119.0,104
3857,-152.0,119
3858,-69.0,63
3859,-150.0,117
3860,-131.0,125
3861,-34.0,46
3862,-91.0,103
3863,-178.0,163
3864,-60.0,63
3865,-22.0,34
3866,-157.0,115
3867,-18.0,30
3868,-220.0,178
3869,-185.0,152
3870,-127.0,130
3871,-190.0,166
3872,-77.0,89
3873,-12.0,33
3874,-245.0,200
3875,-67.0,70
3876,-151.0,118
3877,-76.0,70
3878,12.0,9
3879,-100.0,94
3880,-38.0,23
3881,-60.0,63
3882,-165.0,132
3883,-168.0,153
3884,-159.0,135
3885,-207.0,192
3886,-254.0,200
3887,-46.0,67
3888,-5.0,26
3889,-35.0,47
3890,-59.0,53
3891,-160.0,127
3892,-44.0,56
3893,-117.0,111
3894,-157.0,133
3895,-161.0,137
3896,-22.0,43
3897,14.0,7
3898,-85.0,70
3899,-179.0,137
3900,-16.0,37
3901,-147.0,123
3902,-135.0,120
3903,-98.0,83
3904,-79.0,73
3905,-155.0,131
3906,-63.0,57
3907,-191.0,140
3908,8.0,13
3909,-69.0,72
3910,-84.0,78
3911,-134.0,137
3912,-263.0,200
3913,-48.0,69
3914,-158.0,134
3915,-31.0,34
3916,-255.0,195
3917,7.0,14
3918,-25.0,46
3919,-57.0,60
3920,-103.0,97
3921,-161.0,146
3922,-107.0,101
3923,-146.0,122
3924,-186.0,171
3925,-131.0,125
3926,-97.0,100
3927,-193.0,178
3928,-126.0,120
3929,-2.0,14
3930,-245.0,200
3931,-57.0,69
3932,-180.0,156
3933,10.0,11
3934,-4.0,25
3935,-51.0,45
3936,-29.0,41
3937,14.0,7
3938,8.0,13
3939,-76.0,79
3940,-169.0,136
3941,-48.0,42
3942,-146.0,149
3943,-23.0,44
3944,-166.0,169
3945,-124.0,82
3946,-81.0,75
3947,13.0,8
3948,-10.0,22
3949,-83.0,77
3950,-170.0,128
3951,14.0,7
3952,-128.0,95
3953,-121.0,115
3954,6.0,15
3955,-22.0,34
3956,-163.0,148
3957,-73.0,76
3958,-164.0,140
3959,-94.0,97
3960,-57.0,78
3961,-26.0,29
3962,-180.0,129
3963,-55.0,40
3964,-222.0,180
3965,-173.0,131
3966,-83.0,95
3967,-31.0,43
3968,-246.0,177
3969,-103.0,97
3970,-77.0,71
3971,-155.0,131
3972,-77.0,62
3973,-227.0,200
3974,-148.0,142
3975,-130.0,124
3976,-231.0,189
3977,7.0,14
3978,-157.0,151
3979,-256.0,187
3980,-205.0,172
3981,-135.0,102
3982,-196.0,163
3983,-14.0,26
3984,-2.0,14
3985,-109.0,94
3986,11.0,10
3987,-97.0,91
3988,-173.0,140
3989,10.0,11
3990,-66.0,87
3991,-46.0,58
3992,9.0,12
3993,-208.0,157
3994,-118.0,112
3995,-160.0,136
3996,14.0,7
3997,-36.0,57
3998,-249.0,189
3999,-132.0,81
4000,-14.0,26
4001,-2.0,14
4002,-85.0,70
4003,-144.0,120
4004,-75.0,87
4005,-84.0,60
4006,8.0,13
4007,-70.0,73
4008,8.0,13
4009,10.0,11
4010,-72.0,75
4011,5.0,7
4012,-165.0,159
4013,-186.0,162
4014,-132.0,126
4015,-103.0,97
4016,-11.0,32
4017,-48.0,60
4018,-17.0,29
4019,-99.0,102
4020,-129.0,105
4021,-8.0,20
4022,-188.0,164
4023,-281.0,200
4024,-52.0,73
4025,-127.0,103
4026,-76.0,79
4027,-13.0,34
4028,-11.0,32
4029,-42.0,54
4030,-221.0,170
4031,-52.0,55
4032,15.0,6
4033,-18.0,39
4034,-24.0,36
4035,-40.0,43
4036,-15.0,36
4037,-92.0,104
4038,-179.0,173
4039,-4.0,16
4040,-196.0,172
4041,-22.0,34
4042,3.0,18
4043,-132.0,126
4044,-40.0,43
4045,-14.0,17
4046,-193.0,160
4047,-131.0,107
4048,-109.0,112
4049,6.0,15
4050,-106.0,91
4051,-263.0,200
4052,-170.0,155
4053,-111.0,105
4054,-94.0,88
4055,-51.0,72
4056,13.0,8
4057,-248.0,188
4058,-236.0,200
4059,-103.0,97
4060,-67.0,61
4061,-205.0,172
4062,-144.0,120
4063,-21.0,33
4064,-11.0,32
4065,-223.0,190
4066,7.0,14
4067,-52.0,73
4068,-79.0,64
4069,5.0,16
4070,-6.0,27
4071,-55.0,49
4072,-80.0,83
4073,-88.0,100
4074,-220.0,187
4075,-158.0,134
4076,-49.0,61
4077,13.0,8
4078,-21.0,42
4079,-46.0,40
4080,-50.0,53
4081,14.0,7
4082,2.0,19
4083,-158.0,89
4084,-219.0,186
4085,-129.0,96
4086,-155.0,104
4087,-121.0,106
4088,-74.0,77
4089,-120.0,96
4090,-211.0,178
4091,-44.0,65
4092,-62.0,56
4093,-179.0,146
4094,-17.0,29
4095,-85.0,70
4096,-24.0,27
4097,4.0,8
4098,-53.0,65
4099,-20.0,23
4100,-170.0,164
4101,-317.0,200
4102,-281.0,200
4103,10.0,11
4104,-256.0,196
4105,-87.0,81
4106,-122.0,134
4107,-98.0,110
4108,-161.0,128
4109,-107.0,74
4110,-52.0,64
4111,-122.0,89
4112,-172.0,112
4113,-78.0,81
4114,-122.0,116
4115,-50.0,53
4116,9.0,12
4117,-38.0,50
4118,-180.0,165
4119,-145.0,121
4120,-27.0,39
4121,-42.0,45
4122,-8.0,29
4123,-6.0,18
4124,-158.0,134
4125,-140.0,134
4126,-104.0,107
4127,-39.0,51
4128,12.0,9
4129,-107.0,110
4130,-80.0,83
4131,-154.0,121
4132,4.0,17
4133,-119.0,77
4134,-94.0,88
4135,-8.0,29
4136,-133.0,127
4137,-32.0,35
4138,-58.0,70
4139,-34.0,37
4140,-74.0,50
4141,-109.0,103
4142,-252.0,192
4143,-174.0,168
4144,-97.0,82
4145,-194.0,161
4146,-70.0,73
4147,-73.0,76
4148,-208.0,184
4149,-52.0,46
4150,-212.0,152
4151,-245.0,200
4152,6.0,15
4153,-83.0,77
4154,10.0,11
4155,-51.0,63
4156,-72.0,66
4157,-8.0,20
4158,-30.0,33
4159,-99.0,93
4160,-182.0,149
4161,-211.0,160
4162,-281.0,200
4163,-11.0,23
4164,-196.0,190
4165,-149.0,116
4166,-1.0,22
4167,13.0,8
4168,-148.0,124
4169,-59.0,62
4170,-26.0,38
4171,-147.0,123
4172,-35.0,29
4173,-205.0,172
4174,-153.0,93
4175,-231.0,180
4176,-41.0,44
4177,-47.0,50
4178,-45.0,66
4179,-59.0,53
4180,-29.0,41
4181,-179.0,119
4182,-93.0,78
4183,-193.0,178
4184,-68.0,62
4185,-263.0,200
4186,-18.0,30
4187,-111.0,105
4188,-25.0,37
4189,1.0,20
4190,-183.0,168
4191,8.0,13
4192,-9.0,30
4193,0.0,21
4194,-137.0,140
4195,-14.0,35
4196,-4.0,25
4197,-68.0,71
4198,-99.0,75
4199,-134.0,128
4200,-167.0,143
4201,-83.0,95
4202,-222.0,189
4203,-20.0,41
4204,-143.0,119
4205,-96.0,99
4206,-134.0,119
4207,8.0,13
4208,-47.0,50
4209,-89.0,83
4210,-86.0,80
4211,-238.0,187
4212,-88.0,73
4213,-53.0,56
4214,-14.0,35
4215,-140.0,134
4216,-6.0,27
4217,-59.0,71
4218,2.0,10
4219,-156.0,168
4220,-127.0,76
4221,-70.0,73
4222,0.0,12
4223,-38.0,50
4224,-28.0,40
4225,-109.0,103
4226,-12.0,33
4227,2.0,19
4228,-263.0,200
4229,-100.0,94
4230,-202.0,169
4231,-88.0,100
4232,-22.0,43
4233,-47.0,59
4234,-155.0,113
4235,-5.0,17
4236,-16.0,37
4237,-5.0,26
4238,-109.0,103
4239,-161.0,155
4240,-191.0,158
4241,-272.0,200
4242,-169.0,127
4243,-88.0,100
4244,6.0,15
4245,-123.0,117
4246,-217.0,166
4247,-134.0,128
4248,-132.0,108
4249,-47.0,59
4250,-75.0,69
4251,-4.0,16
4252,-249.0,189
4253,-54.0,39
4254,14.0,7
4255,-107.0,110
4256,-64.0,67
4257,-263.0,200
4258,-210.0,159
4259,-37.0,40
4260,-52.0,46
4261,-198.0,147
4262,-63.0,66
4263,-62.0,65
4264,-60.0,81
4265,-8.0,20
4266,11.0,10
4267,-111.0,87
4268,6.0,15
4269,-14.0,26
4270,-107.0,83
4271,-187.0,136
4272,-145.0,130
4273,-35.0,38
4274,-74.0,77
4275,-27.0,48
4276,-106.0,91
4277,-59.0,44
4278,-75.0,78
4279,-38.0,59
4280,-43.0,37
4281,-19.0,40
4282,-7.0,19
4283,13.0,8
4284,-58.0,70
4285,-44.0,47
4286,-44.0,56
4287,-57.0,60
4288,-176.0,125
4289,-177.0,189
4290,9.0,12
4291,-3.0,15
4292,0.0,12
4293,-11.0,14
4294,14.0,7
4295,-223.0,190
4296,13.0,8
4297,-281.0,200
4298,-335.0,200
4299,-35.0,38
4300,-33.0,45
4301,10.0,11
4302,-113.0,107
4303,-183.0,168
4304,12.0,9
4305,-244.0,193
4306,2.0,19
4307,-46.0,49
4308,-184.0,160
4309,-74.0,68
4310,-113.0,89
4311,-180.0,129
4312,-42.0,54
4313,-110.0,104
4314,-37.0,49
4315,-34.0,46
4316,-10.0,31
4317,-14.0,26
4318,-22.0,25
4319,-142.0,127
4320,-16.0,19
4321,-231.0,189
4322,-3.0,15
4323,-141.0,117
4324,-41.0,44
4325,-106.0,109
4326,-15.0,36
4327,-172.0,121
4328,-3.0,15
4329,-50.0,44
4330,-15.0,27
4331,-50.0,53
4332,-209.0,185
4333,-111.0,114
4334,8.0,13
4335,7.0,14
4336,3.0,18
4337,-21.0,24
4338,-48.0,60
4339,-58.0,79
4340,-114.0,90
4341,-91.0,112
4342,-8.0,11
4343,-13.0,16
4344,-138.0,105
4345,-93.0,87
4346,14.0,7
4347,-70.0,64
4348,-67.0,61
4349,-41.0,44
4350,-117.0,120
4351,-20.0,32
4352,-52.0,64
4353,-60.0,72
4354,-94.0,88
4355,-6.0,18
4356,-4.0,16
4357,-94.0,88
4358,-111.0,132
4359,-2.0,14
4360,-117.0,111
4361,-3.0,24
4362,-114.0,108
4363,-57.0,51
4364,-142.0,145
4365,-201.0,168
4366,-207.0,138
4367,9.0,12
4368,-8.0,20
4369,-51.0,36
4370,11.0,10
4371,-33.0,45
4372,-91.0,85
4373,-39.0,42
4374,0.0,21
4375,-244.0,184
4376,-22.0,34
4377,-57.0,51
4378,-49.0,52
4379,-108.0,102
4380,-106.0,100
4381,-250.0,190
4382,-28.0,40
4383,-88.0,91
4384,-5.0,17
4385,-116.0,92
4386,-124.0,118
4387,-3.0,24
4388,-224.0,191
4389,-10.0,31
4390,-62.0,65
4391,-139.0,115
4392,-51.0,45
4393,-27.0,39
4394,-5.0,17
4395,-25.0,28
4396,-3.0,24
4397,-136.0,148
4398,-151.0,118
4399,-312.0,198
4400,-245.0,200
4401,-23.0,35
4402,-97.0,109
4403,-49.0,70
4404,-110.0,95
4405,-10.0,31
4406,-108.0,111
4407,-102.0,105
4408,-13.0,34
4409,-31.0,25
4410,15.0,6
4411,-66.0,69
4412,-6.0,18
4413,-112.0,115
4414,9.0,12
4415,-164.0,140
4416,-168.0,144
4417,-146.0,122
4418,-103.0,97
4419,-22.0,25
4420,11.0,10
4421,-58.0,61
4422,-13.0,25
4423,-29.0,23
4424,-101.0,95
4425,-76.0,79
4426,-59.0,71
4427,-32.0,44
4428,10.0,11
4429,-136.0,130
4430,-82.0,76
4431,-79.0,64
4432,-74.0,68
4433,-4.0,25
4434,-45.0,48
4435,-155.0,149
4436,-122.0,107
4437,-254.0,200
4438,-43.0,55
4439,-16.0,28
4440,-91.0,94
4441,-131.0,116
4442,14.0,7
4443,-63.0,57
4444,-272.0,200
4445,-164.0,131
4446,-15.0,27
4447,-68.0,62
4448,-30.0,33
4449,-29.0,50
4450,-138.0,96
4451,-116.0,110
4452,-207.0,156
4453,-26.0,20
4454,2.0,10
4455,-71.0,74
4456,-27.0,39
4457,-122.0,116
4458,-177.0,162
4459,-125.0,101
4460,-60.0,72
4461,-171.0,129
4462,-105.0,108
4463,-131.0,134
4464,-5.0,17
4465,-95.0,98
4466,13.0,8
4467,-45.0,48
4468,-174.0,150
4469,-50.0,62
4470,-71.0,65
4471,15.0,6
4472,-2.0,14
4473,-53.0,56
4474,-86.0,71
4475,-134.0,101
4476,-54.0,57
4477,-156.0,114
4478,-159.0,135
4479,-37.0,40
4480,-58.0,70
4481,-231.0,198
4482,-52.0,73
4483,-14.0,35
4484,-58.0,61
4485,10.0,11
4486,-37.0,58
4487,-127.0,112
4488,-21.0,33
4489,12.0,9
4490,-65.0,68
4491,-12.0,33
4492,-179.0,137
4493,-47.0,50
4494,-54.0,66
4495,-55.0,58
4496,-129.0,105
4497,-77.0,80
4498,-88.0,91
4499,-23.0,26
4500,-44.0,65
4501,-48.0,51
4502,14.0,7
4503,13.0,8
4504,-71.0,83
4505,-176.0,152
4506,-131.0,107
4507,-37.0,40
4508,-109.0,76
4509,-174.0,150
4510,-48.0,60
4511,-157.0,124
4512,-235.0,148
4513,13.0,8
4514,-182.0,158
4515,3.0,18
4516,-55.0,58
4517,-133.0,91
4518,-63.0,57
4519,-26.0,47
4520,-54.0,66
4521,-31.0,34
4522,-36.0,48
4523,-172.0,148
4524,-31.0,34
4525,-5.0,17
4526,-87.0,81
4527,-27.0,48
4528,-169.0,118
4529,-92.0,95
4530,-17.0,38
4531,-4.0,25
4532,-61.0,46
4533,-236.0,200
4534,-7.0,19
4535,-15.0,27
4536,-198.0,174
4537,-139.0,115
4538,-32.0,44
4539,-117.0,102
4540,-5.0,26
4541,6.0,15
4542,10.0,11
4543,-114.0,72
4544,12.0,9
4545,-202.0,160
4546,-57.0,69
4547,-48.0,60
4548,3.0,9
4549,-24.0,27
4550,-75.0,69
4551,13.0,8
4552,-104.0,80
4553,-56.0,59
4554,9.0,12
4555,-138.0,132
4556,-115.0,91
4557,-18.0,39
4558,5.0,16
4559,-22.0,34
4560,-109.0,121
4561,-183.0,159
4562,-94.0,70
4563,-62.0,65
4564,-38.0,50
4565,-153.0,129
4566,-123.0,108
4567,-160.0,145
4568,-82.0,94
4569,-72.0,66
4570,-290.0,200
4571,7.0,14
4572,-56.0,68
4573,-281.0,200
4574,-125.0,101
4575,-47.0,50
4576,-47.0,50
4577,-154.0,148
4578,-82.0,85
4579,-21.0,33
4580,-171.0,156
4581,-18.0,30
4582,-128.0,104
4583,-71.0,56
4584,-200.0,167
4585,0.0,21
4586,-56.0,77
4587,-21.0,33
4588,-14.0,26
4589,-12.0,15
4590,-48.0,60
4591,-173.0,140
4592,-53.0,47
4593,-95.0,89
4594,-118.0,112
4595,-23.0,44
4596,-154.0,157
4597,-73.0,76
4598,-53.0,65
4599,-177.0,153
4600,-66.0,60
4601,-102.0,105
4602,-9.0,30
4603,14.0,7
4604,-103.0,97
4605,1.0,20
4606,-85.0,106
4607,-148.0,142
4608,-12.0,33
4609,-43.0,55
4610,-118.0,85
4611,-281.0,200
4612,-220.0,187
4613,-80.0,74
4614,5.0,16
4615,-89.0,101
4616,-25.0,37
4617,-9.0,12
4618,-84.0,69
4619,-32.0,35
4620,-69.0,63
4621,-208.0,166
4622,-97.0,100
4623,-149.0,125
4624,-123.0,108
4625,-28.0,40
4626,-13.0,25
4627,-245.0,200
4628,-37.0,22
4629,-22.0,34
4630,-26.0,38
4631,10.0,11
4632,-100.0,103
4633,-37.0,40
4634,2.0,19
4635,-21.0,42
4636,-12.0,33
4637,-90.0,93
4638,-216.0,138
4639,-195.0,135
4640,-16.0,28
4641,-168.0,108
4642,-15.0,36
4643,-7.0,10
4644,-42.0,45
4645,-110.0,122
4646,-164.0,140
4647,-67.0,61
4648,-59.0,62
4649,-272.0,200
4650,-2.0,23
4651,-40.0,61
4652,-35.0,38
4653,-15.0,36
4654,8.0,13
4655,-141.0,108
4656,-126.0,111
4657,12.0,9
4658,-1.0,13
4659,-39.0,60
4660,-27.0,30
4661,-133.0,145
4662,-78.0,72
4663,-6.0,27
4664,-52.0,64
4665,-41.0,53
4666,-121.0,115
4667,-83.0,95
4668,-197.0,155
4669,-29.0,41
4670,-79.0,82
4671,-95.0,107
4672,-52.0,64
4673,-162.0,111
4674,0.0,12
4675,-17.0,20
4676,-42.0,54
4677,5.0,7
4678,-88.0,64
4679,-221.0,179
4680,-115.0,109
4681,-32.0,44
4682,-15.0,27
4683,-84.0,78
4684,-74.0,68
4685,12.0,9
4686,-39.0,42
4687,-2.0,23
4688,0.0,21
4689,-35.0,38
4690,-136.0,121
4691,-188.0,173
4692,-195.0,108
4693,-48.0,60
4694,-107.0,92
4695,-25.0,46
4696,-31.0,25
4697,9.0,12
4698,-98.0,92
4699,-129.0,114
4700,-80.0,74
4701,-86.0,71
4702,-61.0,64
4703,-71.0,74
4704,-66.0,78
4705,-194.0,161
4706,0.0,12
4707,-40.0,52
4708,-177.0,144
4709,8.0,13
4710,-109.0,103
4711,-68.0,62
4712,-123.0,135
4713,-40.0,43
4714,-57.0,60
4715,-11.0,32
4716,-5.0,26
4717,-191.0,149
4718,-151.0,109
4719,-82.0,85
4720,-14.0,17
4721,-3.0,24
4722,-5.0,17
4723,-192.0,159
4724,-100.0,103
4725,-66.0,87
4726,-4.0,16
4727,-116.0,110
4728,-97.0,100
4729,-59.0,71
4730,-254.0,200
4731,-52.0,55
4732,-24.0,45
4733,9.0,12
4734,-35.0,38
4735,-64.0,58
4736,10.0,11
4737,-115.0,82
4738,-35.0,38
4739,-37.0,49
4740,-90.0,93
4741,-102.0,96
4742,-38.0,41
4743,-138.0,123
4744,-74.0,77
4745,-163.0,130
4746,-44.0,56
4747,-1.0,22
4748,-59.0,71
4749,-34.0,37
4750,14.0,7
4751,-69.0,72
4752,-56.0,68
4753,10.0,11
4754,-140.0,125
4755,-155.0,140
4756,-60.0,54
4757,0.0,21
4758,-41.0,62
4759,-18.0,39
4760,-8.0,20
4761,-63.0,66
4762,-254.0,194
4763,-55.0,58
4764,-85.0,70
4765,-70.0,73
4766,-157.0,133
4767,-221.0,188
4768,-88.0,91
4769,-57.0,69
4770,-126.0,84
4771,-87.0,81
4772,-124.0,127
4773,-209.0,149
4774,-35.0,47
4775,-46.0,49
4776,-112.0,97
4777,8.0,13
4778,-63.0,30
4779,-92.0,68
4780,5.0,16
4781,-33.0,54
4782,-133.0,127
4783,-108.0,75
4784,12.0,9
4785,-64.0,85
4786,-71.0,65
4787,-88.0,91
4788,12.0,9
4789,9.0,12
4790,-18.0,30
4791,-99.0,84
4792,-11.0,32
4793,9.0,12
4794,9.0,12
4795,-60.0,72
4796,0.0,21
4797,-134.0,119
4798,-38.0,41
4799,-30.0,42
4800,-135.0,111
4801,-11.0,14
4802,-60.0,72
4803,-118.0,121
4804,-76.0,61
4805,-69.0,54
4806,-78.0,63
4807,-14.0,35
4808,4.0,17
4809,-70.0,64
4810,12.0,9
4811,-42.0,36
4812,-127.0,103
4813,-3.0,24
4814,-25.0,46
4815,-80.0,65
4816,-104.0,80
4817,-5.0,26
4818,-38.0,32
4819,-17.0,38
4820,-228.0,177
4821,-44.0,29
4822,-52.0,64
4823,-4.0,25
4824,11.0,10
4825,-29.0,41
4826,-33.0,36
4827,-2.0,14
4828,-121.0,115
4829,-1.0,22
4830,-35.0,56
4831,-198.0,156
4832,-29.0,41
4833,-73.0,67
4834,-54.0,66
4835,-21.0,42
4836,12.0,9
4837,-91.0,103
4838,-95.0,71
4839,-17.0,29
4840,1.0,20
4841,7.0,14
4842,-109.0,112
4843,-87.0,72
4844,-3.0,15
4845,10.0,11
4846,-77.0,89
4847,-117.0,111
4848,-33.0,45
4849,-97.0,109
4850,0.0,12
4851,-72.0,57
4852,13.0,8
4853,-31.0,43
4854,-183.0,159
4855,-107.0,74
4856,-35.0,29
4857,-11.0,32
4858,-147.0,123
4859,-228.0,159
4860,11.0,10
4861,-93.0,105
4862,-62.0,65
4863,-38.0,50
4864,-1.0,22
4865,-18.0,39
4866,-21.0,24
4867,-109.0,85
4868,-31.0,34
4869,-122.0,98
4870,-214.0,190
4871,9.0,12
4872,-79.0,82
4873,-140.0,116
4874,-71.0,83
4875,-141.0,126
4876,13.0,8
4877,-124.0,109
4878,-149.0,134
4879,-53.0,65
4880,-203.0,179
4881,-92.0,77
4882,-85.0,79
4883,-130.0,106
4884,-147.0,159
4885,-170.0,137
4886,-89.0,83
4887,-40.0,52
4888,-20.0,32
4889,-157.0,151
4890,-40.0,43
4891,-60.0,81
4892,13.0,8
4893,-99.0,102
4894,-100.0,85
4895,-20.0,32
4896,2.0,10
4897,-11.0,32
4898,7.0,14
4899,-104.0,80
4900,-99.0,102
4901,-54.0,66
4902,-24.0,27
4903,-183.0,150
4904,-59.0,53
4905,-83.0,77
4906,12.0,9
4907,-197.0,182
4908,-12.0,33
4909,-124.0,109
4910,-33.0,36
4911,-169.0,154
4912,-196.0,181
4913,-13.0,25
4914,-24.0,36
4915,13.0,8
4916,-84.0,69
4917,-185.0,152
4918,-157.0,124
4919,-124.0,91
4920,9.0,12
4921,9.0,12
4922,-146.0,131
4923,-15.0,27
4924,-211.0,178
4925,-81.0,75
4926,-16.0,28
4927,-124.0,91
4928,-32.0,44
4929,-52.0,55
4930,-97.0,109
4931,-162.0,120
4932,-111.0,105
4933,-24.0,45
4934,-175.0,151
4935,-146.0,113
4936,-24.0,36
4937,-32.0,53
4938,-13.0,25
4939,-86.0,89
4940,-22.0,34
4941,-150.0,108
4942,-100.0,94
4943,-50.0,53
4944,2.0,19
4945,-74.0,77
4946,-83.0,95
4947,-113.0,89
4948,-61.0,64
4949,11.0,10
4950,-67.0,70
4951,-109.0,103
4952,-106.0,109
4953,-163.0,139
4954,-2.0,23
4955,-63.0,66
4956,-7.0,19
4957,-57.0,69
4958,0.0,12
4959,-132.0,99
4960,-155.0,149
4961,-18.0,39
4962,-24.0,45
4963,3.0,18
4964,-144.0,93
4965,-3.0,24
4966,-11.0,32
4967,-2.0,14
4968,12.0,9
4969,-127.0,112
4970,-93.0,60
4971,-75.0,69
4972,-8.0,20
4973,6.0,15
4974,-64.0,58
4975,-155.0,140
4976,-116.0,92
4977,-88.0,73
4978,-31.0,43
4979,1.0,20
4980,-23.0,26
4981,-110.0,95
4982,-45.0,66
4983,10.0,11
4984,-16.0,28
4985,-51.0,54
4986,2.0,19
4987,1.0,20
4988,-170.0,155
4989,-160.0,136
4990,-82.0,94
4991,-53.0,56
4992,8.0,13
4993,-190.0,139
4994,-27.0,30
4995,-163.0,121
4996,-107.0,83
4997,-211.0,178
4998,-126.0,138
4999,-43.0,37
5000,-3.0,24
